transaction_id	amount	sender_balance_before	sender_balance_after	receiver_balance_before	receiver_balance_after	transaction_type	hour	month_2026	day_of_week	device_type	region	is_fraud
UA0IFD0TV	703.9	58586.32	57882.42	29932.92	30636.82	peer	14	1	Tue	smartphone	Nairobi	0
UJAHXTHV3	254.44	8088	7833.56	22962.44	23216.88	peer	18	10	Sat	feature	Eldoret	1
UEF8MDD4V	609.04	56675	56065.96	1029.22	1638.26	till	7	5	Thu	smartphone	Kisumu	0
UBT3W5UZB	5255.34	75090.36	69835.02	38.94	5294.28	paybill	11	2	Mon	smartphone	Nakuru	0
UGKWNNHJ7	7282.67	24408.96	17126.29	26237.82	33520.49	till	0	7	Sat	smartphone	Nairobi	0
ULIQJ7YHL	848.31	42029.5	41181.19	19993.05	20841.36	peer	16	12	Tue	smartphone	Eldoret	0
UGJH75LXO	71.68	18698.43	18626.75	4530.32	4602	paybill	15	7	Tue	feature	Kisumu	0
UD0T0PVN9	1445.02	41187.33	39742.31	29620.73	31065.75	paybill	11	4	Mon	smartphone	Mombasa	0
UCW2PCN9T	71.35	54456.57	54385.22	22524.96	22596.31	peer	18	3	Sat	smartphone	Nairobi	0
UE1MKFAZZ	20.03	64690.95	64670.92	15230.69	15250.72	peer	13	5	Fri	smartphone	Eldoret	0
UKSHNF877	154.17	19357.93	19203.76	34163.18	34317.35	paybill	19	11	Mon	smartphone	Kisumu	0
UEIIUC039	1412.4	2847.64	1435.24	45466.02	46878.42	peer	7	5	Tue	feature	Kisumu	0
UCJ5PHT0H	449.19	60453.38	60004.19	21257.79	21706.98	till	7	3	Sat	feature	Eldoret	0
UIQICATVA	349.68	14869.87	14520.19	48479.23	48828.91	peer	3	9	Tue	smartphone	Nakuru	0
UFCIYHE7U	2238.37	31672.5	29434.13	46332.94	48571.31	paybill	1	6	Sun	feature	Nairobi	0
UBDPPQ0Y9	1948.92	7170.55	5221.63	9799.14	11748.06	paybill	14	2	Sat	feature	Mombasa	0
UDGTFGQ5C	69.42	67578.25	67508.83	37366.01	37435.43	till	7	4	Mon	smartphone	Nairobi	0
UA874FRHO	1163.79	28604.59	27440.8	14046.73	15210.52	paybill	23	1	Mon	feature	Eldoret	0
UHKZ02XRG	1173.61	23772.25	22598.64	8263.35	9436.96	peer	8	8	Fri	smartphone	Kisumu	0
UABR7TCS4	23.64	61802.36	61778.72	9935.78	9959.42	peer	8	1	Sat	smartphone	Kisumu	0
UB7UUBCXU	8.31	15987.51	15979.2	35567.1	35575.41	paybill	10	2	Tue	feature	Nakuru	0
UEOYKL1CQ	2342.23	74111.44	71769.21	32553.85	34896.08	peer	4	5	Mon	smartphone	Mombasa	0
UEEMCIKPT	3696.94	49901.52	46204.58	16544.9	20241.84	till	8	5	Fri	smartphone	Eldoret	0
UE7D5J60F	98.5	53540.42	53441.92	33296.12	33394.62	peer	22	5	Sat	feature	Eldoret	0
UKWJR64DP	1342.15	70988.3	69646.15	23610.75	24952.9	peer	21	11	Wed	smartphone	Mombasa	0
UC0TPAC56	191.06	67928.21	67737.15	36086.48	36277.54	paybill	13	3	Fri	smartphone	Kisumu	0
UCBN78BMY	403.75	39554.27	39150.52	26136.64	26540.39	paybill	13	3	Sun	feature	Nakuru	0
ULF75935A	836.72	35202.99	34366.27	10085.96	10922.68	paybill	9	12	Sun	feature	Eldoret	0
UEFZNBQH7	3391.64	25217.04	21825.4	25428.53	28820.17	peer	16	5	Tue	smartphone	Mombasa	0
UGL58KXO9	3571.9	48392.95	44821.05	26992.05	30563.95	peer	22	7	Mon	feature	Mombasa	0
UJ8JDP0LV	340.47	6250.69	5910.22	14487.57	14828.04	paybill	12	10	Fri	smartphone	Mombasa	0
UAZA7TZ0Y	263.71	49985.89	49722.18	14781.68	15045.39	peer	1	1	Sat	feature	Kisumu	0
UFXE6SYLZ	167.23	15006.95	14839.72	44627.95	44795.18	peer	11	6	Thu	feature	Eldoret	0
UJUO4KH2V	1162.65	71697.69	70535.04	15900.17	17062.82	paybill	22	10	Thu	smartphone	Mombasa	0
UH280XKXW	174.89	28270.25	28095.36	15239.06	15413.95	peer	19	8	Sat	feature	Eldoret	0
UDFB9W1Q5	269.87	38837.91	38568.04	34621.8	34891.67	till	8	4	Sat	feature	Mombasa	0
UGIXA11DP	470.86	75438.49	74967.63	16160.15	16631.01	till	23	7	Fri	feature	Nakuru	0
UII4Q2Y9V	1097.18	32366.51	31269.33	3244.61	4341.79	paybill	8	9	Fri	feature	Nairobi	0
UH60RJIW1	439.37	20217.41	19778.04	24862.43	25301.8	till	11	8	Tue	feature	Eldoret	0
UBZIM6CFN	536.9	79819.46	79282.56	13339.05	13875.95	peer	16	2	Mon	feature	Nakuru	0
UFTOHP6VZ	5633.49	2740.75	0	17253.56	22887.05	till	21	6	Thu	feature	Nakuru	1
UFKO64T02	1509.12	42521.67	41012.55	22389.16	23898.28	paybill	1	6	Tue	feature	Nairobi	0
UHBMYOFQE	1207.44	53803.63	52596.19	38080.98	39288.42	peer	22	8	Thu	smartphone	Nakuru	0
UKP5GJLQM	407	29485.87	29078.87	31615.29	32022.29	paybill	5	11	Sun	feature	Nairobi	0
UBQ0B8IC8	1505.76	65332.91	63827.15	39917.26	41423.02	peer	10	2	Tue	smartphone	Kisumu	0
UJFEYUHZ1	245.05	55695.44	55450.39	42917.94	43162.99	till	5	10	Sat	smartphone	Nairobi	0
UEDALY8OZ	591.7	1425.37	833.67	25604.65	26196.35	till	3	5	Sun	smartphone	Mombasa	0
UL14VE92M	385.24	14031.88	13646.64	34546.89	34932.13	paybill	6	12	Mon	feature	Nairobi	0
UG3D8W3ZP	733.44	67033.04	66299.6	33784.51	34517.95	till	17	7	Wed	feature	Nairobi	0
UG3VLI7KQ	1993.26	73983.02	71989.76	43866.97	45860.23	till	17	7	Fri	feature	Nakuru	0
UARLRMJKV	447.49	65396.05	64948.56	27760.04	28207.53	till	15	1	Mon	smartphone	Kisumu	0
UDZR1YXR2	1131.42	79700.67	78569.25	48270.97	49402.39	peer	1	4	Thu	smartphone	Nairobi	0
UKURTP0LZ	1225.66	27188.48	25962.82	17460.48	18686.14	paybill	22	11	Tue	smartphone	Kisumu	0
UFET1GHR0	1941.7	68520.31	66578.61	20225.41	22167.11	till	2	6	Fri	feature	Mombasa	0
UDKMKZEBB	3280.81	6822.78	3541.97	8081.44	11362.25	peer	19	4	Sat	feature	Nairobi	0
UAUQPGB7R	3432.35	46496.86	43064.51	18614.14	22046.49	paybill	19	1	Thu	smartphone	Nairobi	0
UKYF38DIU	4223.46	12948.56	8725.1	27436.69	31660.15	till	17	11	Sun	smartphone	Eldoret	0
UGQP49KWV	1765.97	79557.15	77791.18	8796.26	10562.23	peer	15	7	Sat	smartphone	Eldoret	0
UKCITFOYQ	27.36	26099.44	26072.08	37324.57	37351.93	paybill	13	11	Sat	feature	Kisumu	0
UBY72WX7P	1573.16	57703.1	56129.94	15403.04	16976.2	till	6	2	Tue	feature	Nakuru	0
UBC2V37PQ	1173.1	50942.98	49769.88	12523.09	13696.19	paybill	18	2	Wed	feature	Mombasa	0
UBV60VAIY	1336.92	31508.51	30171.59	44602.33	45939.25	till	5	2	Mon	feature	Nakuru	0
UA1GSPK9P	1496	28071.26	26575.26	32255.17	33751.17	peer	1	1	Thu	feature	Eldoret	0
UFLDFORXO	1658.11	15699.91	14041.8	36122.61	37780.72	peer	0	6	Thu	smartphone	Nakuru	0
UEL8OS9XT	494.37	61507.47	61013.1	2180.19	2674.56	peer	2	5	Fri	feature	Kisumu	0
UHW1HT7PZ	7818.35	73197.66	65379.31	18507.94	26326.29	till	13	8	Fri	smartphone	Eldoret	0
UETTD96QE	23.37	26526.95	26503.58	27638.25	27661.62	paybill	23	5	Sat	feature	Mombasa	0
ULJ49ITN7	1273.97	6120.17	4846.2	15284.85	16558.82	peer	0	12	Sun	smartphone	Eldoret	0
UGM2JA04U	317.77	25422.07	25104.3	8474.64	8792.41	peer	0	7	Thu	feature	Kisumu	0
UFTTQLGZU	1220.61	55712.78	54492.17	28503.06	29723.67	paybill	21	6	Mon	feature	Kisumu	0
UL6N92XF8	153.34	79205.3	79051.96	7004.2	7157.54	till	14	12	Wed	smartphone	Nakuru	0
UBSQ0OXFQ	1095.74	25871.81	24776.07	42433.49	43529.23	paybill	1	2	Fri	feature	Nakuru	0
UF44NLZ15	220.35	28823.34	28602.99	14679.59	14899.94	peer	21	6	Tue	feature	Nairobi	0
ULD91ZDFK	2486.06	20570.93	18084.87	30575.69	33061.75	paybill	2	12	Sun	smartphone	Mombasa	0
UFNFTU2GC	127.67	40171.15	40043.48	39914.76	40042.43	till	6	6	Sat	smartphone	Kisumu	0
UJFQJJA26	1574.58	63683.83	62109.25	44500.27	46074.85	peer	13	10	Mon	feature	Nakuru	0
UJK8YQK94	618.72	7609.16	6990.44	28914.01	29532.73	paybill	1	10	Fri	feature	Kisumu	0
UE9K9XJUY	54.91	47307.58	47252.67	1525.01	1579.92	peer	21	5	Fri	feature	Eldoret	0
UDVMWWYZX	57.1	24330.91	24273.81	26854.12	26911.22	till	5	4	Mon	smartphone	Kisumu	0
UHBNE6LOH	593.24	61622.48	61029.24	10791.05	11384.29	paybill	7	8	Fri	feature	Kisumu	0
UE678K52Q	1462.83	67377.64	65914.81	9719	11181.83	peer	3	5	Sun	feature	Mombasa	0
UFDOJEN0J	794.9	51030.65	50235.75	36304.57	37099.47	till	2	6	Wed	smartphone	Eldoret	0
UHA5U6HC3	5585.34	25904.22	20318.88	39759.31	45344.65	paybill	9	8	Sat	feature	Mombasa	0
UCBB9EITN	473.78	20143.76	19669.98	9216.68	9690.46	till	22	3	Sat	feature	Nairobi	0
UL05X4W7K	126.5	55111.14	54984.64	2909.68	3036.18	peer	8	12	Thu	feature	Eldoret	0
UFDYT9MOG	3701.43	20094.41	16392.98	27461.33	31162.76	paybill	14	6	Mon	smartphone	Mombasa	0
UABM92H3T	1880.77	74775.66	72894.89	31913.53	33794.3	peer	7	1	Wed	smartphone	Eldoret	0
UAJ99T2D5	1090.66	48976.49	47885.83	20980	22070.66	paybill	4	1	Sun	smartphone	Eldoret	0
UFAJEPECQ	426.99	12775.85	12348.86	6008.23	6435.22	till	15	6	Mon	feature	Eldoret	0
UD8B25SQ8	627.55	7623.14	6995.59	15570.67	16198.22	paybill	4	4	Sun	feature	Eldoret	0
UKDZP6LFE	5831.77	37986.49	32154.72	4891.71	10723.48	till	4	11	Fri	feature	Nakuru	0
UJTQVDZ4X	1014.78	27769.72	26754.94	23233.69	24248.47	till	6	10	Sun	smartphone	Nakuru	0
UH5O3O0LL	1573.76	75936.74	74362.98	44334.02	45907.78	peer	9	8	Sat	feature	Nakuru	0
UB3DD03UV	453.47	50106.21	49652.74	25156.81	25610.28	paybill	9	2	Sat	smartphone	Nairobi	0
UF57P6BKL	2912.02	54748.71	51836.69	30792.56	33704.58	till	4	6	Tue	smartphone	Nakuru	0
UD4MUEKIP	4320.7	2218.25	0	29288.78	33609.48	till	1	4	Fri	smartphone	Nakuru	1
UK3JGZLMA	4225.88	54205.75	49979.87	28668.35	32894.23	till	23	11	Sat	feature	Eldoret	0
UC08DTNQF	206.31	65669.09	65462.78	31296.98	31503.29	paybill	18	3	Sun	smartphone	Nairobi	0
UCFWYJXRP	2575.76	72437.52	69861.76	9789.56	12365.32	till	7	3	Mon	feature	Nairobi	0
UBKYRYBOV	107.83	1555.92	1448.09	4722.15	4829.98	paybill	13	2	Tue	smartphone	Nakuru	1
UELA0GNZS	1723.31	52492.24	50768.93	19269.83	20993.14	paybill	16	5	Mon	feature	Kisumu	0
UGA75UUZP	1716.73	20929.49	19212.76	24801.87	26518.6	peer	1	7	Wed	smartphone	Nairobi	0
UH37D4IVS	1770.83	50352.53	48581.7	43873.6	45644.43	paybill	17	8	Sat	feature	Eldoret	0
UF2CWTG1M	1992.44	77409.69	75417.25	27398.59	29391.03	till	20	6	Sun	smartphone	Mombasa	0
UBFHV1XG1	826.09	64566.1	63740.01	49525.26	50351.35	till	23	2	Sun	feature	Mombasa	0
UKWW5WFCP	798.12	20076.31	19278.19	29027.2	29825.32	paybill	17	11	Fri	smartphone	Eldoret	0
UICQBNKX9	3027.42	19163.89	16136.47	33992.24	37019.66	till	4	9	Fri	feature	Kisumu	0
UJT26Q3XL	2020.08	8339.6	6319.52	45127.65	47147.73	peer	2	10	Mon	feature	Nakuru	0
UF9DXBZ9S	1055.56	31230.49	30174.93	14881.76	15937.32	paybill	15	6	Wed	feature	Nairobi	0
UG1YBWMLU	158.02	965.93	807.91	45269.1	45427.12	paybill	3	7	Sat	smartphone	Nakuru	0
UBUFM8ZOV	143.59	76548.39	76404.8	33838.5	33982.09	paybill	6	2	Fri	feature	Kisumu	0
UCY30YSXP	988.18	6754.42	5766.24	4585.21	5573.39	paybill	14	3	Wed	smartphone	Kisumu	0
UF8RIEC4D	1383.62	53834.22	52450.6	37618.73	39002.35	till	19	6	Fri	smartphone	Mombasa	0
UJENF313F	2352.29	7387.37	5035.08	24721.02	27073.31	paybill	6	10	Wed	smartphone	Kisumu	0
UJK0QTL3Q	88.92	58989.14	58900.22	27295.79	27384.71	paybill	4	10	Sat	feature	Nakuru	0
UE2SPFHV5	1835.4	11525.04	9689.64	38075.53	39910.93	paybill	14	5	Sun	feature	Nakuru	0
UBZSEDFQS	1444.36	6820.13	5375.77	35048.46	36492.82	peer	5	2	Tue	feature	Eldoret	0
UAOONNCIL	113.32	71362.56	71249.24	7330.24	7443.56	till	17	1	Sat	feature	Kisumu	0
UCB7R31QW	1080.24	78932.5	77852.26	18713.54	19793.78	peer	5	3	Wed	smartphone	Mombasa	0
UI7VP1IEI	694.58	19011.15	18316.57	45384.69	46079.27	till	19	9	Thu	smartphone	Mombasa	0
UHVASIFPW	1344.32	30163.14	28818.82	4175.04	5519.36	paybill	3	8	Tue	smartphone	Nairobi	0
UFCSS9TOQ	2251.86	56436.24	54184.38	12436.21	14688.07	paybill	21	6	Wed	smartphone	Eldoret	0
UBM0W10LB	601.28	20369.21	19767.93	20260.1	20861.38	till	2	2	Tue	feature	Kisumu	0
UKGEZ7BH2	1271.1	9593.55	8322.45	5876.31	7147.41	paybill	19	11	Wed	feature	Nakuru	0
UHJ1GM25L	1571.35	54515.05	52943.7	11875.32	13446.67	paybill	0	8	Thu	feature	Eldoret	0
UGMGYN2JC	766.8	6723.02	5956.22	26418.51	27185.31	paybill	16	7	Fri	smartphone	Nakuru	0
UELCXLVPY	859.94	78234.26	77374.32	27800.25	28660.19	peer	11	5	Sat	feature	Eldoret	0
UGJ98CWN2	584.43	42263.32	41678.89	49648.24	50232.67	peer	15	7	Tue	feature	Eldoret	0
UCC2NNUVY	114.99	55663.35	55548.36	3771.73	3886.72	paybill	2	3	Thu	smartphone	Nairobi	0
UCTOXIE0R	272.67	55690.32	55417.65	22727.05	22999.72	till	16	3	Mon	feature	Eldoret	0
ULQ9K6RE4	1481.51	30797.73	29316.22	36855.04	38336.55	till	21	12	Thu	smartphone	Kisumu	0
UKMCT64Z7	3702.15	76037.88	72335.73	44513.19	48215.34	paybill	9	11	Fri	smartphone	Kisumu	0
UD2IRMUQ9	912.26	22262.76	21350.5	9406.06	10318.32	peer	20	4	Mon	feature	Nairobi	0
ULZS13C9X	934.59	21348.44	20413.85	18017.25	18951.84	till	17	12	Fri	feature	Nakuru	0
UIXG8P6BE	451.56	2682.04	2230.48	13988.18	14439.74	peer	21	9	Tue	feature	Mombasa	0
UF8SKCH8J	794.52	54810.02	54015.5	8130.85	8925.37	till	12	6	Fri	smartphone	Mombasa	0
UKG7FXZV4	3627.45	75989.01	72361.56	36285.98	39913.43	peer	5	11	Mon	smartphone	Eldoret	0
UEX1OXRWK	1425.61	6711.6	5285.99	43833.07	45258.68	paybill	1	5	Tue	feature	Eldoret	0
UHCCPRHVL	1203.06	2206.72	1003.66	18823.17	20026.23	till	4	8	Sun	feature	Kisumu	0
UC1SDIEQF	2495.47	12118.31	9622.84	29706.54	32202.01	paybill	14	3	Sun	feature	Nakuru	0
UC37ZGF9Q	719.21	66350.22	65631.01	28454.07	29173.28	paybill	21	3	Mon	smartphone	Mombasa	0
UIQIVBKV4	98.43	33244.08	33145.65	13670.35	13768.78	paybill	8	9	Fri	smartphone	Nakuru	0
UGEJNOBBU	87.04	55367.98	55280.94	26717.31	26804.35	paybill	5	7	Mon	feature	Nairobi	0
UH1K9YE9O	2078.91	44478.99	42400.08	38449.37	40528.28	paybill	2	8	Fri	feature	Eldoret	0
UDVOBBZ2S	4344.26	30290.26	25946	12054.24	16398.5	till	9	4	Tue	feature	Mombasa	0
UFF90KM3T	344.21	76328.68	75984.47	30308.73	30652.94	paybill	0	6	Thu	smartphone	Eldoret	0
UFY9V20YA	389.41	60584.23	60194.82	2344.82	2734.23	till	16	6	Sun	smartphone	Kisumu	0
UJRSZ1N3I	469.34	53758.7	53289.36	26015.39	26484.73	till	6	10	Mon	smartphone	Nairobi	0
UHLFYO175	2219.71	68189.3	65969.59	27595.34	29815.05	peer	17	8	Sat	smartphone	Nairobi	0
UDU9RN8QT	1234.67	10807.82	9573.15	1439.13	2673.8	till	16	4	Sun	feature	Eldoret	0
UHGIUI9KK	2110.59	51184.97	49074.38	40252.23	42362.82	till	20	8	Thu	feature	Eldoret	0
UFU7ZKUT6	3501.9	28111.95	24610.05	29495.88	32997.78	paybill	1	6	Sun	smartphone	Nakuru	0
UAKZMPJRH	746.97	72342.28	71595.31	17412.77	18159.74	till	18	1	Sat	feature	Kisumu	0
UBWVIYTWB	1082.29	72846.66	71764.37	14897.97	15980.26	till	23	2	Thu	smartphone	Mombasa	0
UA89FX5RX	1112.25	75966.7	74854.45	7353.67	8465.92	paybill	16	1	Wed	feature	Mombasa	0
UBXI04B7P	3917.49	61536.53	57619.04	3311.8	7229.29	peer	9	2	Sun	feature	Nairobi	0
UC7875AUD	70.42	39460.19	39389.77	16437.58	16508	paybill	5	3	Thu	feature	Nakuru	0
UIQGEFQJG	1505.23	27390.9	25885.67	26863.17	28368.4	paybill	15	9	Fri	smartphone	Mombasa	0
UJ463SDYG	924.61	12237.03	11312.42	6941.36	7865.97	paybill	15	10	Tue	smartphone	Mombasa	0
UGI18K0AX	1536.13	55750.47	54214.34	20583.06	22119.19	peer	7	7	Sat	smartphone	Kisumu	0
UEFY751YW	3111	48194.64	45083.64	11192.45	14303.45	paybill	17	5	Fri	smartphone	Nakuru	0
UCRQ9NZ61	2587.19	22359.37	19772.18	8850.52	11437.71	peer	17	3	Sun	smartphone	Mombasa	0
UBSTN7E36	139.33	42800.44	42661.11	17799.57	17938.9	till	0	2	Tue	smartphone	Eldoret	0
UIPYZR6QC	3369.55	40323.04	36953.49	34519.74	37889.29	paybill	16	9	Thu	smartphone	Kisumu	0
UHYLAJAHC	60.16	50269.24	50209.08	4087.95	4148.11	till	14	8	Mon	smartphone	Eldoret	0
UHBO119XP	3102.2	4980.13	1877.93	13843.88	16946.08	paybill	15	8	Thu	feature	Nairobi	0
UBYXTXMGT	2461.4	47822.52	45361.12	49312.85	51774.25	till	16	2	Tue	smartphone	Nakuru	0
UEQZPNIQF	1153.72	38813.39	37659.67	30912.74	32066.46	till	23	5	Sun	smartphone	Nairobi	0
UKP15AHDB	690.47	57669.23	56978.76	3117.07	3807.54	till	23	11	Sun	smartphone	Nairobi	0
ULBPT11F9	239.79	57096.63	56856.84	44760.34	45000.13	till	18	12	Fri	feature	Mombasa	0
UJ13I59SO	1075.17	2534.73	1459.56	43360.75	44435.92	till	14	10	Fri	smartphone	Eldoret	0
UIR97Y2LO	655.77	19473.39	18817.62	13462.16	14117.93	paybill	18	9	Tue	feature	Nakuru	0
UDKZ36U8U	710.5	45160.81	44450.31	42035.5	42746	peer	9	4	Wed	smartphone	Mombasa	0
UKCQNT3BN	140.16	18733.99	18593.83	17146.34	17286.5	peer	11	11	Sun	smartphone	Kisumu	0
UJ0UR5L8A	963.6	63154.78	62191.18	24922.11	25885.71	till	9	10	Mon	feature	Mombasa	0
ULVH6T1NT	136.4	58972.12	58835.72	27887.11	28023.51	paybill	14	12	Wed	feature	Mombasa	0
UB201LHLB	1324.78	10293.67	8968.89	14188.8	15513.58	till	11	2	Tue	smartphone	Nakuru	0
UI7UPFLN4	676.67	19623.82	18947.15	24912.38	25589.05	till	1	9	Sat	feature	Kisumu	0
UH8XRG2GZ	601.5	702	100.5	11266.64	11868.14	till	0	8	Sat	smartphone	Kisumu	0
UA4C3BAEW	682.04	12938.44	12256.4	9328.35	10010.39	peer	15	1	Mon	smartphone	Eldoret	0
UHNWYWRRA	503.41	71751.56	71248.15	4011.69	4515.1	peer	23	8	Mon	feature	Eldoret	0
UEA3Y36DD	1115.12	55787.22	54672.1	49862.78	50977.9	peer	7	5	Fri	feature	Eldoret	0
UE2C8QIZK	3403.87	77560.69	74156.82	43275.36	46679.23	peer	19	5	Sat	smartphone	Kisumu	0
UGNTCAGRP	2547.99	39310.83	36762.84	36144.8	38692.79	till	16	7	Sun	smartphone	Nairobi	0
UAI6YUJ7Y	2579.39	44585.36	42005.97	28580.63	31160.02	till	1	1	Fri	smartphone	Eldoret	0
UFAHF337K	492.71	16485.7	15992.99	48399.7	48892.41	till	11	6	Sun	feature	Mombasa	0
UFN02YC0M	1861.75	40658.07	38796.32	12120.49	13982.24	peer	19	6	Sun	smartphone	Eldoret	0
UJ18O1BJ9	182.97	23161.58	22978.61	29061.91	29244.88	paybill	13	10	Fri	feature	Kisumu	0
UCYXDW2ZC	251.5	25719.31	25467.81	29694.15	29945.65	till	3	3	Sun	smartphone	Nakuru	0
UFMD7Q1DD	691.22	10839.73	10148.51	3168.75	3859.97	till	23	6	Fri	feature	Nakuru	0
UADTV25AO	6901.8	54797.27	47895.47	4393.41	11295.21	till	12	1	Fri	smartphone	Nairobi	0
UIGNEKRCP	224.19	60842.21	60618.02	29781.94	30006.13	paybill	8	9	Sun	smartphone	Eldoret	0
UE7ZRWQEA	956.78	63563.73	62606.95	5334.96	6291.74	till	22	5	Thu	feature	Kisumu	0
UFP3XVKVZ	2852.97	32740.61	29887.64	46646.9	49499.87	peer	11	6	Thu	feature	Nakuru	0
ULZRUIN3O	7054.09	14580.52	7526.43	3324.81	10378.9	till	1	12	Tue	smartphone	Kisumu	0
UA8QZPKY3	2027.09	3942.76	1915.67	39075.72	41102.81	paybill	21	1	Sat	feature	Eldoret	0
UKKJFPNQV	2639.88	16210.02	13570.14	8182.8	10822.68	till	4	11	Fri	feature	Mombasa	0
UA2M6TWD1	269.17	18931.77	18662.6	31687.93	31957.1	paybill	4	1	Tue	smartphone	Eldoret	0
UKYO18PAJ	3576.77	47105.7	43528.93	34149.1	37725.87	till	12	11	Fri	smartphone	Eldoret	0
UFO1VSMAD	902.08	30217.86	29315.78	23133.99	24036.07	peer	7	6	Mon	smartphone	Nakuru	0
UEM2SMDZQ	537.97	35155.7	34617.73	28874.31	29412.28	peer	22	5	Sun	smartphone	Kisumu	0
UFXYF9IGF	658.6	30772.91	30114.31	27177.64	27836.24	paybill	14	6	Tue	feature	Nairobi	0
UCXPBWHVN	3554.24	43473.66	39919.42	21576.41	25130.65	peer	18	3	Wed	smartphone	Mombasa	0
UB2TNHEYR	607.03	26858.96	26251.93	6963.6	7570.63	paybill	18	2	Fri	feature	Eldoret	0
UGVM4W3ZK	2370	42723.54	40353.54	44694.63	47064.63	peer	0	7	Sat	smartphone	Eldoret	0
UBIENFNVU	2330.99	60217.01	57886.02	35349.02	37680.01	paybill	5	2	Sat	smartphone	Kisumu	0
UCRFLQBMA	2261.49	2779.24	517.75	28494.48	30755.97	paybill	0	3	Fri	feature	Eldoret	0
UKRZPGU2H	2156.12	27432.33	25276.21	41062.87	43218.99	peer	9	11	Fri	feature	Nakuru	0
UHU1RSUJT	175.87	36614.32	36438.45	30197.89	30373.76	till	3	8	Sun	smartphone	Mombasa	0
UIHP0XI5B	1046.6	12078.4	11031.8	11462.57	12509.17	peer	7	9	Thu	smartphone	Nakuru	0
UD3VMZWFF	1921.56	1075.03	0	29922.14	31843.7	peer	1	4	Sun	smartphone	Mombasa	1
UFTVG9KU8	1250.37	47962.45	46712.08	41339.94	42590.31	till	10	6	Sun	smartphone	Eldoret	0
UG795E5IZ	4794.01	46713	41918.99	20042.57	24836.58	till	7	7	Thu	feature	Mombasa	0
UJWWNC21O	929.86	49234.53	48304.67	45592.62	46522.48	till	13	10	Wed	feature	Mombasa	0
UFU54D8WZ	224.69	48955.19	48730.5	905.51	1130.2	till	17	6	Thu	smartphone	Nakuru	0
UDRLKTE42	3085.04	8266.79	5181.75	45937.53	49022.57	peer	11	4	Mon	smartphone	Nakuru	0
UAE4PA8HY	2341.58	56608.37	54266.79	7626.95	9968.53	till	4	1	Wed	smartphone	Nakuru	0
UBXJN6FOK	1288.05	33988.04	32699.99	36822.21	38110.26	peer	8	2	Thu	smartphone	Kisumu	0
UAHCVSQAM	4085.52	72863.83	68778.31	6140.54	10226.06	paybill	21	1	Sat	smartphone	Nairobi	0
UBID3DNKN	403.6	14987.04	14583.44	41874.54	42278.14	peer	13	2	Sat	smartphone	Nakuru	0
UIUVFMH07	605.53	41555.16	40949.63	29563.77	30169.3	paybill	21	9	Sun	smartphone	Nairobi	0
UBFE0MP2I	763.75	59565.55	58801.8	10278.99	11042.74	peer	8	2	Fri	feature	Nairobi	0
UK5HVGOX2	2325.27	9229.96	6904.69	20725.23	23050.5	peer	8	11	Thu	feature	Nairobi	0
UDRVT997E	2987.35	27773.04	24785.69	17347.66	20335.01	till	5	4	Thu	feature	Nairobi	0
UKGQ9CVAH	2006.26	47006.75	45000.49	1642.33	3648.59	paybill	16	11	Fri	feature	Eldoret	0
UGPOXTFDC	3658.46	14193.32	10534.86	24918.39	28576.85	peer	21	7	Fri	feature	Eldoret	0
UJW4YCZ04	814.31	24986.71	24172.4	39024.79	39839.1	peer	23	10	Thu	smartphone	Nakuru	0
UJVL00EZZ	487.74	53116.64	52628.9	8901.8	9389.54	paybill	17	10	Fri	feature	Nakuru	0
UFE2J51B3	4869	44628.7	39759.7	43031.6	47900.6	peer	16	6	Wed	smartphone	Mombasa	0
UHSB4GF16	1148.8	40225.38	39076.58	29769.25	30918.05	peer	7	8	Tue	smartphone	Nakuru	0
UAIQNF74T	104.15	34200.43	34096.28	39989.1	40093.25	till	22	1	Sat	feature	Nairobi	0
UFI6L3UEY	644.76	3020.32	2375.56	23603.35	24248.11	peer	16	6	Sun	smartphone	Mombasa	0
UB551LDQN	1248.07	23594.17	22346.1	35702.96	36951.03	paybill	17	2	Sat	smartphone	Nakuru	0
UFVR1H61I	1125.05	35316.94	34191.89	20038.15	21163.2	paybill	21	6	Mon	smartphone	Nakuru	1
UFWYAM1N0	1230.25	14636.06	13405.81	43089.28	44319.53	peer	3	6	Fri	smartphone	Eldoret	0
UH89FKBI4	4381.37	21732.5	17351.13	32199.98	36581.35	paybill	9	8	Thu	smartphone	Nakuru	0
UBSWOVCXE	788.23	78316.62	77528.39	41989.44	42777.67	paybill	22	2	Sun	feature	Eldoret	0
UFQI7E1DD	3026.04	2264.97	0	11098.61	14124.65	paybill	7	6	Thu	smartphone	Kisumu	1
UF8HLJEFY	394.14	8418.28	8024.14	39995.8	40389.94	till	7	6	Fri	smartphone	Eldoret	0
UFFZ8OBK3	295.02	44582.05	44287.03	36040.65	36335.67	paybill	0	6	Sun	feature	Mombasa	0
ULTDD2EC2	2454.56	57809.13	55354.57	42784.82	45239.38	peer	23	12	Sun	feature	Eldoret	0
UKWXUJ3AC	2659.88	75558.34	72898.46	7054.09	9713.97	paybill	3	11	Sun	smartphone	Kisumu	0
UFE7B7P0R	782.3	71717.23	70934.93	650.1	1432.4	paybill	22	6	Tue	feature	Nairobi	0
UCJQFWWXR	134.08	67865.43	67731.35	6138.84	6272.92	paybill	22	3	Mon	smartphone	Mombasa	0
UGEH5SW22	3136.59	71424.47	68287.88	40872.18	44008.77	till	17	7	Wed	feature	Kisumu	0
UHMULJAVB	627.41	66026.08	65398.67	18152.96	18780.37	paybill	9	8	Mon	feature	Eldoret	0
UF199DXJ3	52.24	49969.5	49917.26	20470.58	20522.82	peer	19	6	Sun	smartphone	Eldoret	0
UGM44GV3Z	1204.6	68899.33	67694.73	10975.53	12180.13	peer	1	7	Sat	feature	Eldoret	0
UJF8438TG	5506.4	11295.04	5788.64	43423.4	48929.8	peer	11	10	Tue	smartphone	Eldoret	0
UIRLW3MG2	1002.48	37738.13	36735.65	9105.36	10107.84	peer	13	9	Mon	smartphone	Nairobi	0
UL71448N7	994.74	21567.32	20572.58	27081.71	28076.45	peer	16	12	Wed	feature	Eldoret	0
UC90PXRLZ	1505.55	17520.05	16014.5	32252.71	33758.26	till	6	3	Sun	feature	Kisumu	0
UKVGLYE08	821.5	55328.63	54507.13	34159.19	34980.69	paybill	12	11	Sun	smartphone	Mombasa	0
UJL3WXDRL	2593.89	65222.85	62628.96	24904.54	27498.43	paybill	20	10	Wed	smartphone	Mombasa	0
ULY0MAHYM	104.31	52148.49	52044.18	41487.09	41591.4	till	4	12	Mon	smartphone	Nairobi	0
UH085RNTD	346.8	11287.48	10940.68	13184.19	13530.99	till	9	8	Sat	smartphone	Nakuru	0
UHC4KL8CG	464.89	20133.38	19668.49	31654.9	32119.79	till	7	8	Mon	smartphone	Mombasa	0
UJ96ZPXVP	1022.64	73161.51	72138.87	20938.53	21961.17	paybill	9	10	Tue	smartphone	Kisumu	0
ULT7TXKDO	724.67	3852.58	3127.91	8314.17	9038.84	paybill	13	12	Tue	smartphone	Nakuru	0
UAPKXVHAG	2009.31	7317.92	5308.61	38549.3	40558.61	peer	18	1	Thu	smartphone	Kisumu	0
UGQ6JXNNN	106.04	23166.63	23060.59	17783.64	17889.68	peer	10	7	Wed	feature	Kisumu	0
UEIJC1YDM	1904.35	48871.33	46966.98	47465.34	49369.69	till	6	5	Tue	smartphone	Nakuru	0
UIPT5R5RC	757.89	74952.7	74194.81	36628.6	37386.49	till	23	9	Mon	smartphone	Nakuru	0
UHG983EP9	362.99	43233.44	42870.45	8100.69	8463.68	till	3	8	Tue	feature	Nairobi	0
UL6CNOLJQ	2763.28	39759.66	36996.38	29842.14	32605.42	till	16	12	Fri	feature	Kisumu	0
UGFUU8DD2	610.25	8617.2	8006.95	3756.89	4367.14	till	1	7	Wed	feature	Nairobi	0
UGXURGOWY	1953.97	47903.06	45949.09	22984.08	24938.05	paybill	10	7	Wed	smartphone	Kisumu	0
ULRJNM2L4	118.46	63973.33	63854.87	34734.82	34853.28	till	17	12	Mon	smartphone	Nairobi	0
UE9P3JPXG	476.48	8337.19	7860.71	15729.83	16206.31	paybill	1	5	Sat	feature	Mombasa	0
UF3SFLSE4	2470.95	11031.81	8560.86	47511.87	49982.82	peer	16	6	Tue	smartphone	Eldoret	0
UAIQ7ZJ3S	885.9	7027.75	6141.85	47908.54	48794.44	peer	14	1	Sat	smartphone	Mombasa	0
UFRQ8RTM4	2130.66	60746.96	58616.3	36205.17	38335.83	till	20	6	Mon	feature	Mombasa	0
UGB42HHIH	1520.99	20048.47	18527.48	24471.25	25992.24	till	7	7	Mon	smartphone	Nairobi	0
UCXVAJ2K8	375.02	75530.34	75155.32	1971.34	2346.36	paybill	8	3	Thu	feature	Nakuru	0
UEHKSWVA9	1834.1	79948.34	78114.24	27790.33	29624.43	paybill	6	5	Fri	feature	Nakuru	0
UKDC9X5JZ	961.43	2812.28	1850.85	34871.01	35832.44	paybill	6	11	Tue	smartphone	Kisumu	0
UD622VXYZ	529.34	9311.03	8781.69	21088.13	21617.47	paybill	15	4	Wed	feature	Eldoret	0
UG0U93MZY	2379.62	67579.5	65199.88	15955.02	18334.64	paybill	19	7	Sat	feature	Nakuru	0
UE445GDEJ	2648.4	52048.37	49399.97	18234.86	20883.26	peer	16	5	Sat	feature	Eldoret	0
UDM0L2LJK	1233.78	6248.56	5014.78	34814.44	36048.22	paybill	12	4	Mon	smartphone	Nairobi	0
UDS5NKB4E	622.99	32418.39	31795.4	28621.39	29244.38	paybill	22	4	Fri	feature	Nakuru	0
UF5GCL9LC	2444.28	63278.78	60834.5	15937.63	18381.91	peer	3	6	Sun	smartphone	Mombasa	0
UCR1DWWO8	1474.81	34202.68	32727.87	43833.27	45308.08	peer	15	3	Fri	smartphone	Eldoret	0
UA61TAA0I	810.65	69620.9	68810.25	1063.47	1874.12	paybill	2	1	Tue	smartphone	Kisumu	0
UIVG3KK0V	3115.59	30778.71	27663.12	46629.5	49745.09	till	12	9	Tue	feature	Nakuru	0
UF1F63AI9	108.9	28121.87	28012.97	38359.41	38468.31	peer	13	6	Fri	smartphone	Nakuru	0
UFZ2NX1WV	771.07	38434.53	37663.46	29037.86	29808.93	peer	20	6	Sat	smartphone	Nairobi	0
ULEPEJZHY	475.54	7426.78	6951.24	16818.52	17294.06	paybill	9	12	Sat	smartphone	Nairobi	1
UEWZP6SWK	1108.85	19178.29	18069.44	5523.71	6632.56	paybill	0	5	Tue	smartphone	Eldoret	0
UI9MOFT6Y	656.88	23775.02	23118.14	11680.39	12337.27	peer	17	9	Mon	smartphone	Kisumu	0
UB4YFDS0D	64.51	72836.09	72771.58	2255.03	2319.54	peer	0	2	Thu	feature	Nairobi	0
UHB354MYP	173.9	10042.56	9868.66	47820.78	47994.68	peer	23	8	Mon	smartphone	Kisumu	0
UFMPW5D3G	2399.15	7243.94	4844.79	20879.04	23278.19	paybill	4	6	Wed	feature	Mombasa	0
UGX2EZC7F	3169.41	48103.8	44934.39	45186.2	48355.61	till	13	7	Thu	feature	Nakuru	0
UJNMBY49E	6790.22	79294.37	72504.15	11583.59	18373.81	peer	6	10	Thu	feature	Mombasa	0
UBJLZY1UU	4290.01	48658.17	44368.16	25634.43	29924.44	till	21	2	Sun	feature	Nairobi	0
UIYWP0RXX	393.35	30788.84	30395.49	1836.6	2229.95	till	1	9	Fri	smartphone	Eldoret	0
UK7SQRF1L	4729.29	28075.01	23345.72	2892.13	7621.42	paybill	23	11	Mon	smartphone	Nairobi	0
UKN3CPUDR	5215.63	41509	36293.37	29863.7	35079.33	paybill	16	11	Sat	smartphone	Eldoret	0
UGOUADVWK	1116.76	41268.31	40151.55	24559.32	25676.08	peer	9	7	Sat	feature	Nairobi	0
UF334L1VZ	8413.71	65285.07	56871.36	11222.03	19635.74	paybill	2	6	Mon	smartphone	Kisumu	0
UAM38KSZB	380.05	2885.73	2505.68	44746.07	45126.12	peer	14	1	Sun	feature	Mombasa	0
UEVG7OQ2Z	2950.53	70209.12	67258.59	13280	16230.53	paybill	10	5	Mon	smartphone	Nairobi	0
UHX8ERTB7	208.06	3645.7	3437.64	42609.68	42817.74	paybill	8	8	Fri	smartphone	Nakuru	0
UC0ENV5SN	54.1	52453.83	52399.73	27542.87	27596.97	till	14	3	Sun	smartphone	Eldoret	0
UG88QEOZ0	136.51	20286.66	20150.15	254.11	390.62	till	23	7	Fri	feature	Kisumu	0
UKHHZY7EZ	1784.68	39720.47	37935.79	4052.31	5836.99	peer	15	11	Fri	feature	Eldoret	0
UFUU7ZY6T	373.04	71568.95	71195.91	49573.77	49946.81	paybill	12	6	Sun	smartphone	Nairobi	0
UBAFYH1FK	95.24	38498.87	38403.63	29620.39	29715.63	peer	12	2	Sat	feature	Eldoret	0
UIB3D5050	2611.72	53002.75	50391.03	27188.95	29800.67	peer	23	9	Fri	feature	Mombasa	0
UGN89LTAJ	2998.1	70302.54	67304.44	39871.3	42869.4	paybill	0	7	Sun	smartphone	Nairobi	0
UJTV18KGY	1611.4	12671.52	11060.12	8020.01	9631.41	peer	0	10	Sat	smartphone	Kisumu	0
UAPUEVJLZ	609.72	55827.97	55218.25	34007.04	34616.76	peer	12	1	Wed	smartphone	Nakuru	0
UKK2TCZS8	1445.9	15218.8	13772.9	44081.86	45527.76	till	5	11	Tue	feature	Eldoret	0
UIOM5XLK8	4878.47	70337.81	65459.34	257.26	5135.73	paybill	18	9	Fri	smartphone	Eldoret	0
UKMIX7IB5	2571.76	59506.31	56934.55	8037.99	10609.75	peer	20	11	Thu	feature	Nairobi	0
ULK63N2QB	2555.35	60555.2	57999.85	12934.42	15489.77	peer	13	12	Wed	smartphone	Eldoret	0
UC81TWHWH	321.89	49392.46	49070.57	49059.31	49381.2	peer	12	3	Tue	feature	Nairobi	0
ULYAZBCGJ	1498.75	50757.06	49258.31	26999.27	28498.02	peer	1	12	Wed	feature	Nairobi	0
UHWPAYTXW	2270.14	22739.1	20468.96	921.39	3191.53	till	5	8	Mon	smartphone	Nakuru	0
UID2KD1PO	849.09	27415.59	26566.5	31631.09	32480.18	paybill	1	9	Tue	smartphone	Kisumu	0
ULO2T8FY6	4032.99	74984.56	70951.57	34394.29	38427.28	till	21	12	Sat	feature	Mombasa	0
UI5FBUOTD	105.37	61701.64	61596.27	35428.6	35533.97	till	16	9	Sat	feature	Nairobi	0
UG64FGWJE	962.47	49711.15	48748.68	2287.1	3249.57	till	21	7	Sun	smartphone	Mombasa	0
UHXCYJHU8	3078.17	77513.34	74435.17	37482.59	40560.76	till	14	8	Sat	smartphone	Eldoret	0
UEW6LQWLV	209.04	2064.49	1855.45	1106.18	1315.22	paybill	11	5	Sun	feature	Nairobi	0
UCAIH0P4E	586.48	65520.97	64934.49	12625.44	13211.92	paybill	14	3	Thu	feature	Nakuru	0
UERDXCK36	1.55	21962.77	21961.22	49856.23	49857.78	till	1	5	Sat	smartphone	Kisumu	0
UA4W3U1HB	833.16	68351.36	67518.2	26351.2	27184.36	till	12	1	Thu	smartphone	Nairobi	0
UGI10KQSO	2622.37	17739.49	15117.12	4119.05	6741.42	till	10	7	Tue	smartphone	Kisumu	0
UCQG8X80R	1711.49	10593.68	8882.19	43402.72	45114.21	peer	21	3	Sun	feature	Eldoret	0
UBJIYS2N7	4954.88	34643.55	29688.67	47180.8	52135.68	peer	23	2	Sat	feature	Mombasa	0
UL8WJ0UUN	816.39	31867.79	31051.4	13710.76	14527.15	till	19	12	Sat	smartphone	Nairobi	0
UEN6SM5RR	6200.66	25727.34	19526.68	36221.13	42421.79	till	0	5	Tue	feature	Eldoret	0
UDCXHGNZE	2054.67	2587.61	532.94	32583.34	34638.01	paybill	2	4	Sat	smartphone	Mombasa	0
UKRHF4ABU	689.55	37775.44	37085.89	27161.64	27851.19	till	14	11	Fri	smartphone	Nakuru	0
UCCJG8VUA	260.18	7384.04	7123.86	7682.9	7943.08	till	16	3	Sun	feature	Eldoret	0
UDQ95G3V2	906.86	60905.82	59998.96	31311.02	32217.88	peer	17	4	Fri	feature	Nairobi	0
ULY7VCNEA	211.04	72955.7	72744.66	48375.56	48586.6	till	20	12	Sat	feature	Mombasa	0
UJDRWB2SE	307.7	38573.64	38265.94	5865.41	6173.11	peer	14	10	Fri	smartphone	Mombasa	0
UIP5ZP7R1	200.62	19878.44	19677.82	27920.63	28121.25	till	11	9	Sun	smartphone	Nakuru	0
UCJ16DVTJ	383.38	46599.52	46216.14	13449.67	13833.05	till	21	3	Sun	smartphone	Nakuru	1
UIEAXYLNF	2395.96	78749.68	76353.72	7479.03	9874.99	paybill	10	9	Wed	feature	Eldoret	0
UFW9OHTUG	937.11	38447.11	37510	30001.03	30938.14	paybill	17	6	Wed	feature	Eldoret	0
UF1OE5EI2	517.25	60589.04	60071.79	47632.43	48149.68	peer	12	6	Tue	feature	Eldoret	0
UIWYBOW23	3576	38492.51	34916.51	5246.51	8822.51	till	10	9	Thu	smartphone	Kisumu	0
UEHCBN9WS	415.7	11485.39	11069.69	24944.41	25360.11	till	13	5	Mon	smartphone	Nairobi	0
UHA47SH2S	1444.11	27746.72	26302.61	38790.24	40234.35	till	19	8	Tue	smartphone	Nakuru	0
UDX9DJOYO	4251.38	41465.16	37213.78	4393.32	8644.7	peer	0	4	Sat	smartphone	Kisumu	0
UIK36M8JV	647.62	65978.67	65331.05	17890.07	18537.69	paybill	0	9	Fri	smartphone	Nairobi	0
UCODCK828	583.12	45446.51	44863.39	34473.25	35056.37	till	5	3	Wed	feature	Kisumu	0
UJRIM1Y65	2418.56	3390.56	972	33519.27	35937.83	paybill	1	10	Mon	feature	Nakuru	0
UKZ2OMTZJ	4540.83	71708.08	67167.25	29738.83	34279.66	paybill	2	11	Sat	feature	Mombasa	0
UI7RM6J8Y	1438.03	56753.94	55315.91	43548.46	44986.49	paybill	8	9	Sat	smartphone	Nairobi	0
ULIJI44M2	1878.1	27222.07	25343.97	40741.26	42619.36	peer	19	12	Sat	feature	Mombasa	0
UA1TBRWR9	125.26	44284.82	44159.56	29873.79	29999.05	paybill	19	1	Thu	smartphone	Eldoret	0
UEO1ESP7B	2297.55	3356.25	1058.7	8199.97	10497.52	till	2	5	Sun	smartphone	Eldoret	0
UBZQYAHUL	866	4922.13	4056.13	12355.16	13221.16	paybill	17	2	Tue	feature	Nakuru	0
UEQWNRHZN	260.72	49297.79	49037.07	16450.87	16711.59	paybill	12	5	Thu	smartphone	Mombasa	0
UC9Y3Z2T4	952.83	14651.22	13698.39	39484.93	40437.76	till	12	3	Tue	feature	Eldoret	0
UCPE6WTLR	1612.52	13017.64	11405.12	1043.06	2655.58	till	18	3	Mon	feature	Nairobi	0
ULFHJ4D0J	1588.78	79707.08	78118.3	48739.66	50328.44	till	4	12	Sun	feature	Nairobi	0
UAOMYVUXT	1576.13	32320.58	30744.45	11028.06	12604.19	paybill	9	1	Wed	feature	Kisumu	0
UH1QCWQ85	812.96	20688.86	19875.9	23131.15	23944.11	paybill	14	8	Thu	feature	Eldoret	0
UBFILKJXJ	3040.53	34096.92	31056.39	17296.75	20337.28	paybill	23	2	Sat	feature	Nairobi	0
UCGA0X7ZC	695.53	40437.11	39741.58	27165.03	27860.56	peer	19	3	Mon	smartphone	Nakuru	0
UIB1S9DWD	1082.31	35145.37	34063.06	36262.88	37345.19	paybill	8	9	Wed	smartphone	Nakuru	0
ULKWE4BX4	1000.25	47858.11	46857.86	39647.8	40648.05	paybill	1	12	Thu	feature	Mombasa	0
UHE8TVQ05	1596.36	47428.79	45832.43	45618.17	47214.53	till	18	8	Sat	feature	Eldoret	0
UHT2PNJKA	354.84	37318.44	36963.6	41799.9	42154.74	peer	12	8	Wed	feature	Kisumu	0
UIA78RAPK	403.37	32484.28	32080.91	30092.77	30496.14	peer	7	9	Fri	feature	Nakuru	0
UG5PIZX3H	1501.71	77714.47	76212.76	9048.85	10550.56	till	13	7	Tue	feature	Mombasa	0
UK03O4GKW	2890.18	35029.51	32139.33	4869.67	7759.85	paybill	12	11	Sat	feature	Kisumu	0
UFABTGDJZ	778.84	41233.91	40455.07	17961.67	18740.51	peer	13	6	Mon	smartphone	Mombasa	0
UHHP2RNZB	1348.23	52204.65	50856.42	15607.4	16955.63	peer	5	8	Mon	feature	Nairobi	0
UBTG6JNA9	763.86	52573.26	51809.4	16259.5	17023.36	paybill	2	2	Sun	feature	Nakuru	0
UL9H0DXHO	2227.34	31793.12	29565.78	11851.39	14078.73	paybill	23	12	Tue	smartphone	Mombasa	0
UIERKMBY9	401.18	5972.39	5571.21	8487.9	8889.08	paybill	9	9	Wed	smartphone	Eldoret	0
UEVOI8UYY	1100.25	53584.29	52484.04	7287.83	8388.08	peer	9	5	Tue	smartphone	Mombasa	0
UBYM81CMF	895.21	49409.88	48514.67	35338.86	36234.07	peer	7	2	Tue	feature	Nakuru	0
UF9212PGY	274.16	30410.75	30136.59	30276.91	30551.07	peer	19	6	Wed	smartphone	Mombasa	0
ULPKZGGM0	661.79	38023.01	37361.22	42208.52	42870.31	till	11	12	Sun	smartphone	Nakuru	0
UIFKJNAWN	2457.3	69474.88	67017.58	10292.06	12749.36	peer	14	9	Fri	feature	Nairobi	0
UDLC83GY1	178.04	78936.77	78758.73	6148.54	6326.58	paybill	17	4	Wed	feature	Eldoret	0
UBDXB7GBD	394.25	9856.58	9462.33	22609.95	23004.2	peer	0	2	Fri	feature	Kisumu	0
UIWVBHZA7	4074.31	8354.39	4280.08	29233.54	33307.85	peer	4	9	Thu	smartphone	Nakuru	0
UI0632CWT	1748.13	78931.75	77183.62	48255.93	50004.06	paybill	19	9	Mon	smartphone	Kisumu	0
UBDINGXU8	7.43	25918.14	25910.71	48654.89	48662.32	till	1	2	Thu	smartphone	Eldoret	0
UFYZPD2TS	1301.65	41296.12	39994.47	24442.33	25743.98	till	23	6	Fri	feature	Eldoret	0
UFT94OW3L	1648.81	10146.75	8497.94	6635.73	8284.54	till	19	6	Tue	feature	Kisumu	0
ULJ8QO09V	232.43	16228.09	15995.66	33671.62	33904.05	paybill	17	12	Mon	feature	Eldoret	0
UD4A3YJTU	5255.45	58493.28	53237.83	7808.19	13063.64	peer	0	4	Mon	smartphone	Mombasa	0
UFFJ6IJKU	400.96	14254.27	13853.31	34631.3	35032.26	peer	14	6	Sat	smartphone	Nakuru	0
UHG3YU6VK	2731.31	54691.52	51960.21	24858.74	27590.05	till	10	8	Thu	smartphone	Kisumu	0
UFM3O55IX	1442.9	69182.25	67739.35	38425.97	39868.87	peer	7	6	Sat	feature	Nairobi	0
UESLULZFY	180.05	73502.36	73322.31	30030.48	30210.53	paybill	13	5	Sun	smartphone	Nairobi	0
UGKOECUBO	4242.16	31569.77	27327.61	32561.65	36803.81	till	13	7	Thu	smartphone	Mombasa	0
UHURXHW0I	169.07	79953.16	79784.09	2410.6	2579.67	paybill	1	8	Wed	smartphone	Mombasa	0
UKONGMX1G	5669.79	79467.62	73797.83	37621.39	43291.18	paybill	8	11	Fri	smartphone	Nairobi	0
UA7IYF0D0	142.26	8817.86	8675.6	32525.58	32667.84	till	8	1	Tue	feature	Nakuru	0
UFYEQAHTH	2173.47	53440.71	51267.24	40392.3	42565.77	paybill	3	6	Fri	feature	Nairobi	0
UL9ZYN6SJ	2155.03	25443.94	23288.91	43445.03	45600.06	peer	8	12	Sun	feature	Eldoret	0
UHXANJ4X5	706.62	51961.07	51254.45	16419.06	17125.68	till	21	8	Thu	smartphone	Nairobi	0
UI9DL5TGS	1492.22	45118.77	43626.55	19020.99	20513.21	till	6	9	Mon	smartphone	Nakuru	0
UIKR0AYMK	1192.77	19079.78	17887.01	18662.59	19855.36	till	0	9	Wed	smartphone	Mombasa	0
UG63BTKF6	386.74	48315.54	47928.8	33410.64	33797.38	peer	10	7	Sat	feature	Kisumu	0
UKWWIIF86	1449.37	40085.58	38636.21	27118.18	28567.55	till	13	11	Tue	smartphone	Eldoret	0
UJT25LZSE	4538.62	38386.63	33848.01	1282.1	5820.72	peer	1	10	Sat	smartphone	Mombasa	0
UBU8EL501	626.11	12004.45	11378.34	26331.19	26957.3	paybill	11	2	Thu	feature	Kisumu	0
UL767J2DG	423.68	48671.62	48247.94	38244.16	38667.84	till	3	12	Fri	feature	Nakuru	0
UJWVIAC2E	2514.86	57267.72	54752.86	26061.71	28576.57	paybill	17	10	Sat	feature	Eldoret	0
UGREGB1AJ	2592.28	704.27	0	32373.74	34966.02	till	10	7	Sat	smartphone	Mombasa	1
UBG8PWY55	3424.62	74170.06	70745.44	3013.37	6437.99	peer	3	2	Fri	feature	Mombasa	0
UGW0VS52S	4087.09	15645.21	11558.12	8316.58	12403.67	peer	21	7	Tue	feature	Kisumu	0
UIN18GP51	1440.96	22861.34	21420.38	15364.5	16805.46	peer	20	9	Thu	feature	Nairobi	0
UAY6QXDSG	2437.02	46516.47	44079.45	4481.32	6918.34	till	2	1	Fri	smartphone	Eldoret	0
UGLAQ665D	1896.84	21882.66	19985.82	20677.46	22574.3	till	1	7	Sat	smartphone	Nakuru	0
UBEQNSN2S	194.97	9945.49	9750.52	42970.79	43165.76	paybill	10	2	Fri	feature	Nairobi	0
UC6UXF5GZ	2412.52	23692.74	21280.22	39670.36	42082.88	paybill	6	3	Sat	feature	Nairobi	0
UKG68A1AR	307.27	77037.86	76730.59	24177.28	24484.55	peer	23	11	Fri	feature	Kisumu	0
UDVROCVIT	2459.79	29943.42	27483.63	26324.96	28784.75	till	0	4	Sun	smartphone	Mombasa	0
UCFXB4Y4K	178.69	48168.78	47990.09	40959.44	41138.13	peer	12	3	Mon	feature	Nairobi	0
UCYVYV2GQ	3233.92	63520.13	60286.21	32330.3	35564.22	peer	8	3	Mon	feature	Mombasa	0
UF6314CQE	288.15	72011.85	71723.7	17671.07	17959.22	paybill	9	6	Fri	feature	Kisumu	0
UDZWD0W9R	405.49	24234.63	23829.14	36597.9	37003.39	till	4	4	Wed	feature	Eldoret	0
UFJUW7WR0	2857.47	53437.24	50579.77	4776.77	7634.24	peer	6	6	Fri	smartphone	Eldoret	0
UDAAWE429	1466.69	33973.19	32506.5	7649.19	9115.88	paybill	0	4	Wed	smartphone	Kisumu	0
UKHK2LSLA	402.28	69037.49	68635.21	10836.99	11239.27	paybill	11	11	Thu	smartphone	Nairobi	0
UDLMY62XR	150.92	25050.52	24899.6	11512.31	11663.23	till	15	4	Wed	feature	Mombasa	0
ULCSUYTAU	346.36	18632.57	18286.21	19545.3	19891.66	paybill	10	12	Mon	smartphone	Nakuru	0
UAMNTFVGE	1353.86	22035.77	20681.91	29852.35	31206.21	paybill	1	1	Sat	feature	Kisumu	0
UEORIQ8HK	1689.78	34313.15	32623.37	35879.89	37569.67	peer	9	5	Sun	smartphone	Nairobi	0
UHS26FMR5	1768.61	27353.09	25584.48	40935.35	42703.96	paybill	6	8	Tue	smartphone	Nairobi	0
UK9HBN5EL	1386.56	46313.11	44926.55	13708.03	15094.59	till	5	11	Sun	smartphone	Eldoret	0
UH6D10A1W	124.13	51658.66	51534.53	29787.54	29911.67	peer	7	8	Tue	feature	Kisumu	0
UILPEFJAW	769.21	18209.85	17440.64	17749.82	18519.03	peer	0	9	Fri	feature	Kisumu	0
UFJ72UGL6	107.93	66565.86	66457.93	33480.13	33588.06	peer	16	6	Tue	smartphone	Eldoret	0
UKBNDOZ6W	108.75	21764.68	21655.93	29640.6	29749.35	paybill	20	11	Fri	feature	Nakuru	0
UF3ZYT91Q	1709.77	26014.27	24304.5	16650.1	18359.87	till	11	6	Thu	smartphone	Kisumu	0
UEYZQII4W	1660.66	30340.27	28679.61	18147.21	19807.87	paybill	22	5	Tue	feature	Nakuru	0
UHRCER4KM	8099.03	37269.93	29170.9	3007.12	11106.15	till	22	8	Mon	feature	Kisumu	0
UFUCKQVII	1239.32	76937.09	75697.77	31748	32987.32	paybill	3	6	Thu	smartphone	Nairobi	0
UD3V2P2TI	2108.75	42912.63	40803.88	4833.82	6942.57	peer	22	4	Sat	feature	Kisumu	0
UJVLDQLOV	897.77	198.81	0	15042.66	15940.43	till	15	10	Sun	feature	Nairobi	1
UHXCHFU13	5963.75	74181.51	68217.76	11732.1	17695.85	till	2	8	Tue	feature	Kisumu	0
UEOUHYLU6	764.53	1700.11	935.58	36859.01	37623.54	paybill	7	5	Sat	feature	Eldoret	0
UJA9OEKNT	2195.41	67378.46	65183.05	26047.9	28243.31	till	0	10	Fri	feature	Nairobi	0
UE5IZOLNN	1465.6	63053.37	61587.77	43234.31	44699.91	till	17	5	Tue	feature	Nairobi	0
UDT4MPK5E	1406.6	62584.04	61177.44	35437.23	36843.83	till	11	4	Mon	smartphone	Mombasa	0
UKP9DXOQ2	55.25	18265.85	18210.6	17083.73	17138.98	paybill	0	11	Fri	smartphone	Nakuru	0
UIP3NIPAR	719.26	74962.93	74243.67	27690.11	28409.37	till	1	9	Fri	feature	Nakuru	0
UIUBBRNU8	546.9	22448.31	21901.41	47119.35	47666.25	till	19	9	Sat	feature	Nakuru	0
UIC6DR08C	3099.33	73559.42	70460.09	24848.17	27947.5	till	5	9	Wed	smartphone	Nakuru	0
UI2QSQ0P8	7272.39	31344.32	24071.93	25057.65	32330.04	paybill	4	9	Tue	smartphone	Kisumu	0
ULK2JWUUX	759.2	65414.23	64655.03	19031.16	19790.36	till	5	12	Fri	smartphone	Eldoret	0
UHCS4KEK4	3155.29	64493.44	61338.15	39501.52	42656.81	peer	13	8	Fri	smartphone	Kisumu	0
ULFQ3JZR2	545.07	25869.99	25324.92	1144.69	1689.76	paybill	8	12	Mon	smartphone	Eldoret	0
UC41ONX0G	250.48	27753.37	27502.89	48780.51	49030.99	paybill	2	3	Mon	feature	Eldoret	0
UAGOK01TN	1536.53	10688.72	9152.19	43100.72	44637.25	paybill	1	1	Wed	smartphone	Nairobi	0
UGA7QY8YB	3841.2	11221.92	7380.72	44913.08	48754.28	till	13	7	Wed	feature	Eldoret	0
UK4MJDXO1	2652.06	40255.03	37602.97	19933.15	22585.21	till	19	11	Sat	smartphone	Eldoret	0
UFY9LAACO	237.39	9828.78	9591.39	23911.7	24149.09	till	20	6	Thu	feature	Eldoret	0
ULKGAD7X4	1058.16	77052.9	75994.74	27476.48	28534.64	till	14	12	Mon	smartphone	Mombasa	0
UJEX6U86Z	5064.27	74922.29	69858.02	43805.26	48869.53	paybill	12	10	Sat	smartphone	Nairobi	0
UE1YY1J2J	488.08	126.57	0	884.39	1372.47	paybill	5	5	Wed	smartphone	Nakuru	1
UEGC9HOXD	1384.04	12246.79	10862.75	3067.48	4451.52	paybill	22	5	Tue	smartphone	Kisumu	0
ULJBC01AR	2276.39	17019.25	14742.86	24230.08	26506.47	peer	9	12	Mon	feature	Nakuru	0
UCZ6US7RP	2105.18	23858.67	21753.49	21516.86	23622.04	peer	23	3	Fri	smartphone	Kisumu	0
UG83RU7MY	280.7	9798.66	9517.96	15163.76	15444.46	till	20	7	Sat	smartphone	Nairobi	0
UI4M41KHT	159.78	55360.28	55200.5	30902.58	31062.36	till	15	9	Tue	feature	Kisumu	0
UBWMDW0FG	1504.37	65136.22	63631.85	30760.97	32265.34	till	7	2	Tue	feature	Nakuru	0
UB2XR838A	548.47	52492.32	51943.85	42400.79	42949.26	paybill	19	2	Sun	smartphone	Nakuru	0
UBHXS75T0	1932.76	70939.68	69006.92	22489.23	24421.99	peer	4	2	Mon	smartphone	Nakuru	0
UKA6WIXAW	324.67	42087.82	41763.15	24081.74	24406.41	peer	6	11	Thu	smartphone	Nakuru	0
UB3DR2H2P	291.99	77109.4	76817.41	12429.01	12721	till	21	2	Sat	feature	Eldoret	0
UB9UE421V	215.47	1633.46	1417.99	12990.66	13206.13	peer	20	2	Wed	smartphone	Kisumu	0
UCZTP7BD4	2142.49	42871.28	40728.79	10760.09	12902.58	peer	23	3	Mon	feature	Nakuru	0
UAA7ZVKY2	18.29	50380.97	50362.68	9942.81	9961.1	peer	17	1	Tue	smartphone	Nairobi	0
UIQIGYVZW	100.2	29775.54	29675.34	13292.56	13392.76	paybill	3	9	Wed	feature	Kisumu	0
UIIETDN1T	1558.07	67564.13	66006.06	4904.13	6462.2	till	20	9	Sat	smartphone	Nairobi	0
UAG2Y8RGY	1004.85	69186.37	68181.52	12173.9	13178.75	till	3	1	Wed	feature	Kisumu	0
UGJW6QDBT	1582.08	30133.47	28551.39	19723.81	21305.89	peer	2	7	Thu	smartphone	Mombasa	0
UDZVLHYL2	922.74	76502.15	75579.41	6657.25	7579.99	peer	20	4	Tue	feature	Nairobi	0
UG6CVBPHV	161.63	25301.01	25139.38	34406.74	34568.37	paybill	23	7	Tue	feature	Mombasa	0
UKMJMBUKD	863.32	67285.64	66422.32	1921.32	2784.64	paybill	0	11	Tue	feature	Mombasa	0
UEV2WWG84	3480.54	66028.06	62547.52	24772.61	28253.15	till	20	5	Thu	smartphone	Mombasa	0
UH4K00ILU	732.49	50969.91	50237.42	30696.68	31429.17	till	21	8	Tue	smartphone	Eldoret	0
UABQ1BTR2	103.47	70608.51	70505.04	5284.67	5388.14	paybill	23	1	Thu	smartphone	Nakuru	0
UI1YOHMI9	6669.08	54450.2	47781.12	2083.65	8752.73	till	22	9	Wed	smartphone	Nairobi	0
UJ0AQ15O2	132.91	52756.94	52624.03	40106.53	40239.44	paybill	10	10	Sat	smartphone	Nakuru	0
UG6LBPJ8T	167.01	76524.46	76357.45	36875.42	37042.43	till	16	7	Mon	feature	Nairobi	0
UI8Y5DNWN	653.7	79327.91	78674.21	48537.5	49191.2	till	13	9	Sat	smartphone	Nairobi	0
UL1EMTX01	4279.15	14897.13	10617.98	8705.47	12984.62	till	18	12	Tue	smartphone	Eldoret	0
UF6SPBNQS	155.37	61173.38	61018.01	13252.32	13407.69	paybill	21	6	Sat	feature	Kisumu	0
UJNYY95G5	31.75	77432.02	77400.27	14772.24	14803.99	paybill	15	10	Tue	feature	Nakuru	0
UBFEFFH8A	2199.46	30616.98	28417.52	10284.36	12483.82	till	8	2	Fri	smartphone	Nairobi	0
UFP0AGA24	194.12	61993.24	61799.12	32195.21	32389.33	paybill	3	6	Thu	feature	Nakuru	0
UHVZ4QKE2	1133.5	25845.02	24711.52	6261.68	7395.18	paybill	17	8	Tue	feature	Kisumu	0
UE1BMQF7Z	964.64	48190.34	47225.7	29121.13	30085.77	peer	1	5	Sun	smartphone	Kisumu	0
UDE9UPNHZ	2067.92	10334.85	8266.93	16913.38	18981.3	paybill	1	4	Tue	feature	Mombasa	0
UI9TEA718	3948.38	7691.43	3743.05	18799.64	22748.02	peer	22	9	Mon	feature	Nakuru	0
UH6819Y20	1198.07	75451.76	74253.69	12034.64	13232.71	paybill	17	8	Sat	smartphone	Kisumu	0
UAFTLO4QD	194.31	70965.3	70770.99	32290.54	32484.85	till	18	1	Tue	smartphone	Nakuru	0
UDATQYDSH	505.11	70353.57	69848.46	12921.58	13426.69	till	22	4	Fri	smartphone	Kisumu	0
UGF4NNKM9	1177.95	60427.85	59249.9	23026.97	24204.92	peer	20	7	Tue	feature	Kisumu	0
UHK38P6FV	2767.73	44669.28	41901.55	9029.73	11797.46	peer	7	8	Wed	feature	Nakuru	0
UFC81DO6O	83.04	60279.67	60196.63	13466.56	13549.6	till	21	6	Fri	smartphone	Eldoret	0
UC3KR3KVR	1163.35	13268.7	12105.35	6586.44	7749.79	peer	12	3	Mon	smartphone	Mombasa	0
UEKXWEXKG	1941.83	17159.56	15217.73	25292.63	27234.46	till	17	5	Tue	smartphone	Mombasa	0
UER8VNRPJ	2755.48	33131.97	30376.49	37909.25	40664.73	till	12	5	Sun	smartphone	Nairobi	0
UI0AJUFQY	2040.49	23874.12	21833.63	28251.1	30291.59	peer	2	9	Wed	feature	Kisumu	0
UK6MKT7S1	1751.39	46216.11	44464.72	43856.92	45608.31	peer	6	11	Fri	smartphone	Nakuru	0
UF53YKYYD	853.21	36978.44	36125.23	466.58	1319.79	peer	7	6	Mon	smartphone	Eldoret	0
UENRM6DFH	424.9	70527.92	70103.02	13895.1	14320	till	4	5	Fri	smartphone	Eldoret	0
UH6EEAMYF	323.42	52639.07	52315.65	15546.45	15869.87	till	9	8	Fri	feature	Nakuru	0
ULK0EEYYL	2034.22	49317.24	47283.02	9401.24	11435.46	peer	13	12	Thu	smartphone	Mombasa	0
UA11BD2SC	658.65	43141.78	42483.13	26207.96	26866.61	paybill	12	1	Mon	smartphone	Nairobi	0
UKADEVVHY	2826.28	66631.17	63804.89	551.58	3377.86	peer	21	11	Sun	feature	Kisumu	0
UFM42WSC3	2076.72	29498.47	27421.75	16346.58	18423.3	till	20	6	Tue	smartphone	Eldoret	0
UC6T9DHSZ	241.82	37678.49	37436.67	25102.51	25344.33	till	22	3	Tue	feature	Kisumu	0
UC49PSO1L	199.81	35943.99	35744.18	36103.55	36303.36	till	14	3	Tue	feature	Nairobi	0
ULKZCRNQ0	3259.91	11112.05	7852.14	33152.1	36412.01	paybill	2	12	Tue	feature	Kisumu	0
UGGC4RYG9	2.82	357.14	354.32	30979.47	30982.29	peer	6	7	Thu	feature	Kisumu	0
UKYEOZ906	658.9	7529.95	6871.05	29410.11	30069.01	paybill	12	11	Tue	feature	Eldoret	0
UJ4OIPR11	983.7	57900.04	56916.34	5206.87	6190.57	till	13	10	Thu	feature	Mombasa	0
UKVORK1DJ	383.19	44896.74	44513.55	30174.38	30557.57	till	19	11	Tue	smartphone	Nakuru	0
ULBCY8NYF	1692.69	48211.44	46518.75	1146.64	2839.33	peer	17	12	Sun	smartphone	Nairobi	0
UH2HXRJM4	583.15	12005.08	11421.93	34770.78	35353.93	peer	13	8	Thu	smartphone	Eldoret	0
UHLNQBU4K	2055.19	16866.38	14811.19	41256.53	43311.72	paybill	5	8	Thu	smartphone	Nakuru	0
ULO1URTTQ	1101.88	11881.46	10779.58	16409.64	17511.52	peer	12	12	Fri	smartphone	Kisumu	0
UER8WM9LB	853.79	29776.62	28922.83	3127.11	3980.9	paybill	17	5	Wed	smartphone	Nakuru	0
UGDMMMXIX	2424.44	79867.97	77443.53	46655.67	49080.11	till	14	7	Mon	feature	Kisumu	0
UFGTBXPSP	1543.2	51040.51	49497.31	24808.32	26351.52	paybill	16	6	Fri	smartphone	Nairobi	0
UGULDRYHR	294.48	32851.4	32556.92	41990.11	42284.59	till	14	7	Wed	smartphone	Kisumu	0
UENPR424T	726.36	76029.99	75303.63	10146.82	10873.18	peer	8	5	Wed	feature	Eldoret	0
UJ0D4DMC2	1250.51	26827.45	25576.94	1309.84	2560.35	peer	9	10	Wed	smartphone	Mombasa	0
UI2PTHOWQ	36.73	21918.36	21881.63	25903.94	25940.67	peer	21	9	Mon	smartphone	Kisumu	0
UHH80Q7TW	532.28	4585.27	4052.99	42636.4	43168.68	paybill	20	8	Fri	smartphone	Eldoret	0
UDNFFYKPL	383.39	67370.49	66987.1	9305.07	9688.46	peer	4	4	Sat	smartphone	Eldoret	0
UE3XJVOEG	2434.11	74994.53	72560.42	35300.95	37735.06	paybill	9	5	Thu	feature	Nakuru	0
UGP6HJB2J	1496.13	72322.68	70826.55	45469.51	46965.64	till	6	7	Sun	smartphone	Eldoret	0
UAB6LKC86	2272.65	61264.48	58991.83	7945.41	10218.06	peer	3	1	Thu	smartphone	Nakuru	0
UBUSEXU1S	1413.28	52590.72	51177.44	47830.73	49244.01	peer	19	2	Tue	smartphone	Mombasa	0
UF30307HD	107.18	3663.13	3555.95	1814.38	1921.56	paybill	11	6	Thu	feature	Kisumu	0
UJCTZETRI	483.87	72509.74	72025.87	12477.31	12961.18	peer	22	10	Wed	feature	Kisumu	0
UEA8V4X7Y	476.08	34368.06	33891.98	42239.47	42715.55	peer	21	5	Wed	feature	Kisumu	0
UK8N3E54N	468.25	39056.94	38588.69	1680.68	2148.93	paybill	8	11	Wed	feature	Kisumu	0
UDK4FPL3X	97.05	11225.71	11128.66	26621.03	26718.08	paybill	10	4	Sun	smartphone	Nairobi	0
UH07LP7DF	794.24	7005.33	6211.09	11839.22	12633.46	peer	6	8	Wed	feature	Nakuru	0
UL30QABXW	1977.67	77075.22	75097.55	28008.41	29986.08	peer	10	12	Mon	feature	Eldoret	0
UKKUDIZ1X	4142.71	66246.68	62103.97	39385.65	43528.36	till	9	11	Sat	feature	Mombasa	0
UHR0JY32H	1468.95	78505.64	77036.69	12826.5	14295.45	peer	4	8	Thu	feature	Kisumu	0
UDAAUWIDQ	1592.73	45269.89	43677.16	23196.62	24789.35	peer	4	4	Mon	feature	Eldoret	0
UGVF8GUAS	5363.61	28025.56	22661.95	5704.79	11068.4	paybill	11	7	Sun	feature	Eldoret	0
UDZG52KRE	245.98	33497.4	33251.42	4442.01	4687.99	till	3	4	Tue	feature	Nairobi	0
UGG2B9IQI	1726.85	41918.93	40192.08	5738.44	7465.29	till	0	7	Thu	smartphone	Mombasa	0
UHELYYZZ0	2950.67	5506.7	2556.03	35391.75	38342.42	peer	10	8	Fri	smartphone	Nairobi	0
UF7QMVY2Z	1176.38	18169.15	16992.77	42345.94	43522.32	peer	5	6	Wed	feature	Nairobi	0
UGYE6BGGR	839.58	75661.28	74821.7	42498.77	43338.35	paybill	4	7	Tue	smartphone	Kisumu	0
ULTFEBE54	1658.56	68972.75	67314.19	23008.11	24666.67	paybill	1	12	Wed	feature	Kisumu	0
UESPF0R8U	2075.15	5075.62	3000.47	25625.13	27700.28	till	11	5	Sun	feature	Eldoret	0
UDFIBJZP9	2462.97	78247.14	75784.17	39699.49	42162.46	peer	9	4	Thu	feature	Nairobi	0
UHQEZFMHK	1031.51	69783.64	68752.13	27242.39	28273.9	till	6	8	Fri	feature	Eldoret	0
UKVV8SUOC	2130.86	41598.93	39468.07	10244.06	12374.92	till	19	11	Mon	feature	Eldoret	0
UEYYOV84F	3153.51	13013.42	9859.91	12774.67	15928.18	till	21	5	Sat	feature	Nairobi	0
UK8VA8X8L	4395.98	78800.67	74404.69	38600.62	42996.6	till	7	11	Sun	smartphone	Nakuru	0
UA2K20TVD	41.31	37168.12	37126.81	45461.01	45502.32	peer	23	1	Sun	feature	Mombasa	0
UA4F2K1XE	1160.57	63887.7	62727.13	18596.63	19757.2	paybill	19	1	Sat	feature	Nairobi	0
UCMDNHQNJ	901.39	7563.3	6661.91	22053.61	22955	peer	17	3	Sun	feature	Eldoret	0
UJGWDS9YX	326.51	41914.04	41587.53	14356.9	14683.41	paybill	11	10	Fri	smartphone	Kisumu	0
UHP6RFE64	2361.5	22187.69	19826.19	15617.46	17978.96	paybill	3	8	Fri	smartphone	Kisumu	0
UB7SSOQZ3	1543.66	73215.7	71672.04	26651.44	28195.1	till	14	2	Mon	smartphone	Eldoret	0
ULXGGOC5K	257.88	44669.83	44411.95	8301.72	8559.6	paybill	19	12	Sun	feature	Nairobi	0
UEM73HC9J	1425.83	72500.85	71075.02	13845.22	15271.05	paybill	12	5	Fri	smartphone	Eldoret	0
UGEGRY58V	6158.55	47889.2	41730.65	1669.18	7827.73	till	0	7	Sun	feature	Nairobi	0
UEDEG3ZGA	678.11	12253.13	11575.02	22016.17	22694.28	peer	15	5	Sat	smartphone	Nakuru	0
UK4TD1FPE	1432.93	68564.23	67131.3	5882.2	7315.13	till	21	11	Sat	feature	Nakuru	0
UHAQIK3OM	2019.06	77373.42	75354.36	20888.05	22907.11	till	22	8	Thu	feature	Nakuru	0
ULU09BOS0	6213.13	58042.33	51829.2	16150.56	22363.69	paybill	20	12	Tue	smartphone	Nakuru	0
UAPLC6PRR	8753.31	10473.13	1719.82	34343.05	43096.36	paybill	22	1	Thu	feature	Eldoret	0
UCKGMIH6M	146.47	57576.35	57429.88	44512.9	44659.37	till	3	3	Sat	feature	Nairobi	0
UE0OP7XMR	124.11	77879.25	77755.14	16842.03	16966.14	peer	4	5	Fri	smartphone	Mombasa	0
UL0YEHVDO	527.51	43309.42	42781.91	35512.14	36039.65	paybill	5	12	Tue	smartphone	Kisumu	0
UA9MJYG4S	566.08	72113.55	71547.47	32583.4	33149.48	paybill	10	1	Thu	smartphone	Eldoret	0
UDEIJMMB5	565.45	39587.57	39022.12	41412.46	41977.91	peer	23	4	Sun	smartphone	Eldoret	0
UH28192V4	612.42	56989.92	56377.5	41298.91	41911.33	till	15	8	Mon	smartphone	Nairobi	0
UKEHN0Z1R	159.1	33667.49	33508.39	45267.99	45427.09	peer	20	11	Sat	feature	Mombasa	0
UCEH81A4R	2018.72	59931.22	57912.5	32557.38	34576.1	peer	17	3	Mon	feature	Kisumu	0
UL1MXF1PI	1455.05	59071.72	57616.67	40309.79	41764.84	paybill	21	12	Thu	feature	Kisumu	0
UKNBFA37D	2784.33	2586.14	0	36964.74	39749.07	peer	2	11	Thu	smartphone	Eldoret	1
UAXX6CWZX	168.65	54937.54	54768.89	3482.06	3650.71	paybill	2	1	Thu	feature	Nakuru	0
UEZLM36VF	288.34	52457.06	52168.72	49587.13	49875.47	till	8	5	Tue	feature	Eldoret	0
UKOHKBM00	113.17	55562.63	55449.46	25632.74	25745.91	till	2	11	Wed	smartphone	Kisumu	0
UITS1FB2V	546.44	2751.83	2205.39	15197.32	15743.76	paybill	20	9	Sat	feature	Nairobi	0
UB04JSE17	1588.35	72298.27	70709.92	11638.16	13226.51	till	13	2	Sat	smartphone	Eldoret	0
UF929U6WT	2470.68	71917.91	69447.23	32538.43	35009.11	paybill	12	6	Wed	feature	Nakuru	0
UKFN0DSG2	3109.91	13609.58	10499.67	19487.97	22597.88	peer	22	11	Sat	feature	Eldoret	0
UBDPEHCYO	715.85	69178.63	68462.78	27332.41	28048.26	paybill	13	2	Sun	feature	Nakuru	0
UHW9Y80PF	718.02	38377.7	37659.68	900	1618.02	paybill	13	8	Sat	feature	Eldoret	0
ULSTZQBFU	820.83	73454.32	72633.49	14001.87	14822.7	peer	13	12	Fri	feature	Mombasa	0
UBNKSEKNK	2931.51	77824.83	74893.32	41301.95	44233.46	peer	18	2	Tue	feature	Nairobi	0
UE6H3REM5	1802.54	78545.72	76743.18	31067.22	32869.76	till	19	5	Wed	feature	Nairobi	0
UGRZV1SQQ	1228.69	42660.8	41432.11	31754.46	32983.15	till	22	7	Wed	smartphone	Kisumu	0
UKWN6MBYP	896.33	56324.51	55428.18	27034.92	27931.25	peer	23	11	Sun	smartphone	Eldoret	0
UJW1LXXD8	152.28	1091.08	938.8	23438.4	23590.68	peer	8	10	Fri	smartphone	Nairobi	0
UI6E7GA2I	537.73	6031.85	5494.12	11317.57	11855.3	till	10	9	Thu	smartphone	Nakuru	0
UJLVR7MGA	1965.37	3946.61	1981.24	45144.75	47110.12	paybill	8	10	Wed	smartphone	Eldoret	0
UBTKG1F8Y	2868.49	26499.6	23631.11	17020.29	19888.78	paybill	8	2	Tue	smartphone	Nairobi	0
UEOLOLN3E	6768.66	42552.19	35783.53	41907.61	48676.27	till	22	5	Fri	smartphone	Nairobi	0
UI1NECQOR	503.82	46666.27	46162.45	49771.88	50275.7	peer	11	9	Mon	feature	Nakuru	0
UJYIT2KOD	2903.75	5184.91	2281.16	41568.68	44472.43	peer	20	10	Sun	smartphone	Eldoret	0
UI92TP6QA	1370.61	59031.5	57660.89	26261.99	27632.6	till	0	9	Wed	smartphone	Kisumu	0
UA7RV4NMW	49.79	66360.02	66310.23	43948.95	43998.74	till	2	1	Wed	smartphone	Nairobi	0
ULTCDZ309	1272.15	55586.59	54314.44	4110.35	5382.5	peer	12	12	Fri	feature	Mombasa	0
UKJ1QI9MQ	3623.24	61932.98	58309.74	30096.17	33719.41	peer	13	11	Sat	smartphone	Kisumu	0
UJR6YO6Z1	3345.72	48606.46	45260.74	31565.38	34911.1	till	21	10	Sat	smartphone	Nairobi	0
UA63QE8NV	1343.62	19070.93	17727.31	25618.19	26961.81	till	18	1	Mon	smartphone	Eldoret	0
UF7QHAK7M	165.1	62961.35	62796.25	48538.31	48703.41	till	21	6	Sat	feature	Nakuru	0
UD98BRZVA	457.09	48092.02	47634.93	37179.7	37636.79	till	23	4	Thu	smartphone	Mombasa	0
UJSGG0YVG	1058.64	32617.06	31558.42	44574	45632.64	till	22	10	Mon	smartphone	Kisumu	0
UJ450J4A8	4.39	48365.33	48360.94	45369.01	45373.4	till	11	10	Wed	feature	Kisumu	0
UGX7B7P9J	409.4	77725.46	77316.06	16567.35	16976.75	paybill	9	7	Thu	feature	Nairobi	0
UA5IKPQAH	986.79	37632.53	36645.74	22373.41	23360.2	till	7	1	Sun	smartphone	Eldoret	0
ULPCIFLWD	964.5	41374.15	40409.65	275.29	1239.79	peer	16	12	Fri	feature	Mombasa	0
UDDIMBM27	11.54	3034.04	3022.5	5401.29	5412.83	till	7	4	Thu	smartphone	Kisumu	0
UJE97N6Y2	620.69	35139.23	34518.54	10925.49	11546.18	paybill	20	10	Mon	feature	Nakuru	0
UKPDCB4OW	758.25	74547.12	73788.87	19850.75	20609	till	21	11	Sun	smartphone	Eldoret	0
UGQPWDXYA	136.68	65474.71	65338.03	26579.97	26716.65	till	8	7	Tue	smartphone	Nakuru	0
UAVC2GUWJ	3178.68	69950.38	66771.7	24677.33	27856.01	till	22	1	Fri	feature	Nairobi	0
UDEBEVSXM	1817.3	36102.7	34285.4	46471.33	48288.63	till	18	4	Sun	smartphone	Mombasa	0
UHLMNAVYC	270.85	33804.07	33533.22	20551.05	20821.9	till	7	8	Sun	smartphone	Mombasa	0
UFHH62MYZ	3572.62	20728.04	17155.42	33730.39	37303.01	till	20	6	Sat	feature	Nakuru	0
UJ8WPFQ2B	528.02	76327.25	75799.23	36069.67	36597.69	peer	6	10	Sat	smartphone	Eldoret	0
UHWI08L0H	2980.35	4185.72	1205.37	12880.36	15860.71	peer	13	8	Wed	smartphone	Mombasa	0
UFBEKGV1B	92.05	69740.66	69648.61	12834.71	12926.76	peer	14	6	Wed	smartphone	Nairobi	0
UEZMTGA46	1641.75	36553.3	34911.55	18452.65	20094.4	till	0	5	Tue	feature	Mombasa	0
UF7KI3X79	193.5	60119.13	59925.63	3550.38	3743.88	paybill	7	6	Sat	smartphone	Nairobi	0
UC5EGTYLP	125.37	60013.08	59887.71	20633.77	20759.14	peer	14	3	Sun	smartphone	Nairobi	0
UE2LB2548	1558.1	29017.41	27459.31	29683.04	31241.14	peer	9	5	Sat	smartphone	Eldoret	0
UKWGN51NS	15.27	11195.82	11180.55	5786.88	5802.15	till	17	11	Wed	feature	Nakuru	0
UHJO7VBHH	251.42	57945.45	57694.03	6027.92	6279.34	paybill	2	8	Tue	feature	Nakuru	0
UGU7NTEDQ	3491.14	66338.52	62847.38	49563.16	53054.3	till	5	7	Mon	feature	Nakuru	0
UJMQPNRJA	2572.3	33820.54	31248.24	14752.04	17324.34	paybill	8	10	Sat	smartphone	Eldoret	0
UBKSTCJIE	998.3	32009.56	31011.26	45506.73	46505.03	till	12	2	Tue	feature	Kisumu	0
UKLK3YJZ9	2475.57	65356.18	62880.61	3369.23	5844.8	till	22	11	Sat	feature	Mombasa	0
UEKM9831A	735.05	34451.49	33716.44	33648.33	34383.38	peer	10	5	Sun	feature	Nairobi	0
UD0HIVTQ3	483.16	68953.23	68470.07	29514.28	29997.44	peer	20	4	Wed	smartphone	Mombasa	0
ULPP4BF5L	384.82	36064.86	35680.04	28963.32	29348.14	paybill	2	12	Sun	feature	Nakuru	0
UDPYO2TLA	2136.62	25577.46	23440.84	29109.94	31246.56	peer	22	4	Tue	feature	Kisumu	0
UK26UON8C	695.85	56476.31	55780.46	34420.25	35116.1	paybill	21	11	Mon	feature	Eldoret	0
UHXKGYG3V	703.93	13333.7	12629.77	32287.03	32990.96	peer	23	8	Mon	feature	Eldoret	0
UDIXCCSG4	68.72	27735.61	27666.89	7722.99	7791.71	peer	0	4	Mon	smartphone	Kisumu	0
UGRC85EHP	38.67	50988.5	50949.83	17030.21	17068.88	paybill	17	7	Tue	feature	Eldoret	0
UDSYJAFCO	111.62	24966.28	24854.66	33856.03	33967.65	till	10	4	Wed	feature	Eldoret	0
UHU0K5QZZ	1396.27	67353.7	65957.43	29011.08	30407.35	till	1	8	Sun	smartphone	Nakuru	0
UDGWPNXZD	1230.41	13472.04	12241.63	48601.26	49831.67	peer	3	4	Tue	smartphone	Nakuru	0
UKTXC066O	389.1	40485.86	40096.76	48200.87	48589.97	peer	23	11	Wed	smartphone	Kisumu	0
UI1LQJSQC	727.27	2573.37	1846.1	19399.34	20126.61	till	13	9	Thu	feature	Nairobi	0
ULOGBJZEY	261.57	25125.18	24863.61	7353.09	7614.66	paybill	17	12	Mon	smartphone	Kisumu	0
UKI8F34GA	1003.71	72016.65	71012.94	5806.95	6810.66	paybill	9	11	Mon	feature	Eldoret	0
UBYAJPGZ6	4682.58	37973.11	33290.53	22206.39	26888.97	paybill	4	2	Sat	smartphone	Mombasa	0
UKXXDYPVB	7905.46	78722.65	70817.19	14420.27	22325.73	peer	8	11	Tue	feature	Eldoret	0
UDDP9MGYH	4871.51	2571.92	0	48537.11	53408.62	till	19	4	Tue	smartphone	Mombasa	1
UGS3LWW7O	2227.77	12416.19	10188.42	27685.57	29913.34	peer	4	7	Tue	smartphone	Nairobi	0
UFGOLOQC3	1170.36	19827.9	18657.54	41927.46	43097.82	paybill	21	6	Mon	smartphone	Kisumu	0
UGKV9DT94	660.52	20820.86	20160.34	9731.19	10391.71	peer	1	7	Fri	feature	Mombasa	0
UK71EG1Y9	89.06	54223.25	54134.19	11751.86	11840.92	peer	13	11	Wed	smartphone	Nakuru	0
UJQS0SZAA	2664.02	27847.44	25183.42	29023.38	31687.4	peer	3	10	Wed	smartphone	Eldoret	0
UDWCNKFHB	224.83	12126.67	11901.84	40837.85	41062.68	till	2	4	Thu	feature	Nakuru	0
UEL2B2O31	348.48	58792.78	58444.3	15024.47	15372.95	till	16	5	Wed	feature	Mombasa	0
UDT6XIYZV	591.39	49690.77	49099.38	10065.61	10657	paybill	23	4	Tue	feature	Mombasa	0
UB5CGWFHD	754.13	38096.13	37342	27151.23	27905.36	peer	4	2	Tue	smartphone	Nairobi	0
ULQFHPVKU	387.67	47969.73	47582.06	17673.04	18060.71	peer	20	12	Wed	feature	Nakuru	0
UFOGPS013	920.03	10539.12	9619.09	39525.49	40445.52	peer	21	6	Sun	feature	Nairobi	0
UB17VF0JQ	199.99	54492.4	54292.41	23339.1	23539.09	paybill	16	2	Fri	feature	Nakuru	0
UFEQFGAS0	52.6	11988.8	11936.2	23133.78	23186.38	paybill	5	6	Thu	feature	Nairobi	0
UHL9C59E7	5943.98	60394.24	54450.26	24596.56	30540.54	paybill	11	8	Wed	feature	Nakuru	0
ULRYZX70I	540.27	22934.11	22393.84	10161.15	10701.42	paybill	3	12	Sat	smartphone	Eldoret	0
UEV7FIUXF	2151.96	48499.85	46347.89	45936.74	48088.7	peer	14	5	Sat	feature	Mombasa	0
ULV6SGP3J	674.76	69259.61	68584.85	49036.97	49711.73	till	16	12	Sat	feature	Nakuru	0
UE0175DU2	785.32	48209.15	47423.83	29570.34	30355.66	paybill	18	5	Sat	smartphone	Eldoret	0
ULL93ACZS	2464.41	16117.91	13653.5	5463.21	7927.62	till	2	12	Thu	smartphone	Nakuru	0
UFGERSDUH	2885.83	51251.85	48366.02	14921.75	17807.58	till	16	6	Tue	smartphone	Mombasa	0
UGP6DWCDE	412.41	20558.2	20145.79	1539.5	1951.91	peer	5	7	Fri	smartphone	Kisumu	0
UHYDC1AU9	5338.52	1627.38	0	23842.17	29180.69	till	22	8	Sun	smartphone	Nakuru	1
UJS8JR1VM	1745.79	69776.66	68030.87	26361.31	28107.1	paybill	10	10	Wed	smartphone	Nakuru	0
UKOV953A5	1501.73	28761.37	27259.64	40221.86	41723.59	peer	20	11	Mon	smartphone	Kisumu	0
UE81IQY5S	490.17	42333.39	41843.22	39669.7	40159.87	peer	23	5	Sat	feature	Eldoret	0
UKMB3LPVO	6991.98	54178.02	47186.04	41423.46	48415.44	peer	17	11	Wed	feature	Nairobi	0
UK460KHFS	523.53	3628.54	3105.01	17089.12	17612.65	till	6	11	Fri	smartphone	Nakuru	0
UH2KYT5GQ	1503.21	11513.74	10010.53	37671.4	39174.61	till	14	8	Fri	smartphone	Mombasa	0
UDG7ZD9B7	2197.51	61312.66	59115.15	42296.07	44493.58	paybill	8	4	Sun	feature	Mombasa	0
ULJR6EET0	1426.34	31988.11	30561.77	36157.47	37583.81	till	7	12	Wed	smartphone	Mombasa	0
UJCM600X2	493.45	32627.81	32134.36	3300.49	3793.94	paybill	3	10	Sun	smartphone	Eldoret	0
UEEDD070E	643.45	50603.98	49960.53	28852.03	29495.48	paybill	2	5	Thu	smartphone	Mombasa	0
UAVGNP127	1794.78	76413.71	74618.93	26128.83	27923.61	till	12	1	Fri	smartphone	Kisumu	0
UGA4L3KHY	534.08	9123.24	8589.16	42103.72	42637.8	paybill	7	7	Tue	smartphone	Nairobi	0
UFL9E9ZR3	416.07	4113.06	3696.99	3645.09	4061.16	till	5	6	Thu	smartphone	Eldoret	0
UC3H03ZB5	773.44	16967.89	16194.45	43170.04	43943.48	paybill	14	3	Sat	feature	Kisumu	0
UK6FAOPRM	769.51	74345.32	73575.81	20255.13	21024.64	peer	22	11	Fri	feature	Kisumu	0
UL7ZTDL25	3548.46	38167.32	34618.86	11301.45	14849.91	till	6	12	Wed	feature	Kisumu	0
UJEZKFH00	1534.46	2790.17	1255.71	10731.4	12265.86	till	20	10	Sun	smartphone	Mombasa	1
UG8P47D9G	807.09	15108.64	14301.55	35989.57	36796.66	till	21	7	Sat	feature	Mombasa	0
UG8WOBIRY	3025.36	46910.6	43885.24	31239.19	34264.55	till	9	7	Sat	feature	Eldoret	0
UH5XJXNEC	111.72	19430.34	19318.62	35697.63	35809.35	till	17	8	Fri	smartphone	Nairobi	0
UJUUJ02GR	2593.47	23268.61	20675.14	28164.45	30757.92	paybill	23	10	Wed	smartphone	Nairobi	0
UFC62G3AU	191.67	57680.35	57488.68	20072.28	20263.95	till	22	6	Thu	smartphone	Nairobi	0
UJT3X1HXE	259.08	10792.89	10533.81	31477.88	31736.96	till	1	10	Tue	smartphone	Eldoret	0
UH2EEHFU4	83.8	32255.49	32171.69	5137.41	5221.21	peer	11	8	Fri	feature	Eldoret	0
UIG9XIB86	314.3	22165.95	21851.65	35348.82	35663.12	till	17	9	Thu	smartphone	Kisumu	0
UHZS9MTHD	97.11	37410.74	37313.63	17018.54	17115.65	peer	17	8	Mon	smartphone	Eldoret	0
UE4HETVJ0	4231.37	66154.5	61923.13	6496.5	10727.87	till	10	5	Wed	feature	Mombasa	0
UK6OCJPZT	1248.56	25136.5	23887.94	39446.62	40695.18	till	1	11	Wed	smartphone	Nakuru	0
UJX3VPF9P	3336.66	33848.52	30511.86	18865.68	22202.34	till	12	10	Tue	smartphone	Kisumu	0
UBTYOLD62	4130.85	7234.23	3103.38	34350.96	38481.81	peer	18	2	Wed	smartphone	Kisumu	0
UG9I82ES5	1021.28	74420.66	73399.38	42212.44	43233.72	paybill	0	7	Mon	feature	Nairobi	0
UETV6G8OM	1689.81	13439.55	11749.74	35652.3	37342.11	till	14	5	Fri	feature	Eldoret	0
UJEASFEN0	1646.65	22347.31	20700.66	6480.03	8126.68	till	0	10	Sat	feature	Nakuru	0
UKVZG92SJ	1691.02	8518.66	6827.64	39091.19	40782.21	till	8	11	Sun	smartphone	Mombasa	0
UK48OLDC0	1549.87	8474.16	6924.29	24928.54	26478.41	peer	9	11	Fri	smartphone	Kisumu	0
ULK73A8Y7	729.49	38129.82	37400.33	5548.88	6278.37	paybill	8	12	Fri	smartphone	Nairobi	0
UAW60ZZ0I	1509.42	29648.08	28138.66	2617.75	4127.17	till	2	1	Sat	smartphone	Nakuru	0
UH8Y5SIC4	2188.73	44210.34	42021.61	20789.88	22978.61	peer	17	8	Thu	feature	Eldoret	0
UCNE6IT1E	1907.6	52622.54	50714.94	23614.09	25521.69	paybill	8	3	Wed	smartphone	Nakuru	0
ULWO778S6	3182.36	63719.62	60537.26	37701.15	40883.51	till	0	12	Sun	feature	Nairobi	0
UFAQKDM0O	54.9	11014.41	10959.51	32581.99	32636.89	paybill	8	6	Thu	smartphone	Nairobi	1
UISFERFXI	2012.54	51622.13	49609.59	19756.55	21769.09	paybill	5	9	Wed	feature	Nairobi	0
UI3DP4FMP	1873.49	46376.1	44502.61	4267.07	6140.56	till	21	9	Tue	smartphone	Mombasa	0
UEBO06FHR	65.94	4741.55	4675.61	5575.61	5641.55	paybill	12	5	Mon	feature	Mombasa	0
UIRYE12O0	1088.08	8079.36	6991.28	34402.22	35490.3	paybill	11	9	Tue	smartphone	Nakuru	0
UAEMAYB3P	415.39	27053.91	26638.52	966.38	1381.77	peer	5	1	Thu	feature	Nairobi	0
UER1IFSI1	199.21	2610.6	2411.39	36810.02	37009.23	till	9	5	Tue	feature	Kisumu	0
UHZ3ZSG9V	601.26	47651.02	47049.76	496.19	1097.45	peer	11	8	Mon	smartphone	Mombasa	0
UAJGFAH5N	935.7	3428.38	2492.68	19882.38	20818.08	till	3	1	Sat	smartphone	Nakuru	0
UFPCPBDN7	2155.18	61941.91	59786.73	38646.07	40801.25	peer	22	6	Wed	smartphone	Mombasa	0
UAAXLKKVP	1105.01	10131.46	9026.45	847.38	1952.39	paybill	11	1	Wed	feature	Mombasa	0
UBDAT5L0N	2205.55	9704.56	7499.01	13279.14	15484.69	till	8	2	Fri	feature	Kisumu	0
UKJVDDWVB	26.56	27410.12	27383.56	36951.33	36977.89	till	20	11	Sun	smartphone	Mombasa	0
ULQD7WKR1	378.98	208.15	0	14990.03	15369.01	peer	11	12	Mon	smartphone	Mombasa	1
UGTJ54696	1559.63	70352.48	68792.85	33779	35338.63	till	6	7	Mon	feature	Mombasa	0
UHP7SAVZE	1187.67	62677.55	61489.88	39018.81	40206.48	till	7	8	Mon	smartphone	Nairobi	0
UHY58F1N2	918.72	12270.99	11352.27	44972.76	45891.48	paybill	21	8	Tue	smartphone	Nakuru	0
UCUVA7SSZ	1857.51	48303.02	46445.51	23670.04	25527.55	peer	1	3	Wed	feature	Nairobi	0
UBGBIBF57	92.36	4721.77	4629.41	47889.49	47981.85	peer	11	2	Sat	smartphone	Eldoret	0
UIEXW8L85	4289.82	42505.91	38216.09	32547.87	36837.69	peer	4	9	Thu	feature	Mombasa	0
UAWAM0KJA	1551.73	29317.89	27766.16	11269.06	12820.79	till	21	1	Mon	feature	Kisumu	0
UKWT3HJU3	326.92	71696.4	71369.48	42359.72	42686.64	peer	9	11	Thu	smartphone	Kisumu	0
UFFRRQ3GU	567.83	11842.32	11274.49	40556.19	41124.02	peer	18	6	Sat	feature	Nakuru	0
UEFGOVCCI	1515.72	13194.09	11678.37	32140.95	33656.67	paybill	14	5	Mon	smartphone	Nairobi	0
UJDNDA37E	2489.99	73407.12	70917.13	14525.23	17015.22	paybill	14	10	Tue	smartphone	Nairobi	0
UBT34DF16	952.28	4944.25	3991.97	34499.99	35452.27	paybill	14	2	Wed	feature	Nairobi	0
UDCYWE3DK	1757.24	726.54	0	31546.09	33303.33	paybill	17	4	Tue	smartphone	Mombasa	1
UAINMK7YY	890.42	33309.81	32419.39	15095.84	15986.26	peer	21	1	Thu	smartphone	Mombasa	0
UDD8MWE77	2147.49	76988.59	74841.1	31045.43	33192.92	till	20	4	Tue	smartphone	Nairobi	0
UIMGP6YWK	3960.45	43794.09	39833.64	9015.4	12975.85	paybill	17	9	Thu	feature	Nakuru	0
UL22592FF	920.39	13343.41	12423.02	22277.08	23197.47	paybill	2	12	Sun	smartphone	Kisumu	0
UJP0FLE1M	352.04	53980.48	53628.44	6849.95	7201.99	paybill	10	10	Sat	feature	Nairobi	0
UKM2XIPRT	7941.9	68317.42	60375.52	12098.86	20040.76	peer	17	11	Thu	smartphone	Eldoret	0
ULPUY0ZIA	4852.01	50959.44	46107.43	24911.8	29763.81	peer	15	12	Wed	feature	Eldoret	0
UBCM453KF	783.02	20837.39	20054.37	21849.79	22632.81	paybill	11	2	Tue	smartphone	Mombasa	0
UA0EZF0ZP	1350.48	17195.17	15844.69	651.48	2001.96	peer	22	1	Sat	smartphone	Mombasa	0
UJ5BNCCU3	21.44	63428.35	63406.91	45394.94	45416.38	peer	11	10	Thu	smartphone	Nakuru	0
UL8Q0PXAE	4315.63	31676.95	27361.32	47644.84	51960.47	till	10	12	Mon	smartphone	Eldoret	0
UCA3Y5T37	5119.27	13017.55	7898.28	23845.01	28964.28	till	7	3	Tue	feature	Eldoret	0
UE9S9EHWH	1900.53	18639.98	16739.45	22911.73	24812.26	till	14	5	Fri	smartphone	Mombasa	0
UHLX3F2XH	2280.42	45250.32	42969.9	38581.35	40861.77	peer	19	8	Wed	feature	Nakuru	0
UDKTCV1LT	1036.41	66849.09	65812.68	39221.04	40257.45	peer	8	4	Tue	feature	Nairobi	0
UJUU2BL7A	709.78	64399.77	63689.99	2302.84	3012.62	paybill	9	10	Thu	smartphone	Nairobi	0
UG09ZDO0D	2476.01	67858.56	65382.55	36443.07	38919.08	peer	7	7	Mon	feature	Kisumu	0
UJ5BFYCW8	150.39	19740.01	19589.62	20138.22	20288.61	peer	4	10	Sun	smartphone	Nakuru	0
UIS0X7M2M	3375.6	9568.36	6192.76	14444.25	17819.85	paybill	12	9	Mon	feature	Mombasa	0
UD9V8U9DA	760.84	79461.08	78700.24	2245.56	3006.4	paybill	1	4	Fri	smartphone	Mombasa	0
UBQGKCUMC	2146.99	50871.95	48724.96	4536.09	6683.08	paybill	16	2	Wed	feature	Nakuru	0
UHXFEUB4O	49.74	76079.19	76029.45	28856.13	28905.87	till	2	8	Tue	feature	Kisumu	0
UI48NYSJ5	662.7	79396.14	78733.44	19316.16	19978.86	till	17	9	Sat	smartphone	Kisumu	0
UL3A4KFOC	1279.42	52564.82	51285.4	12019.95	13299.37	paybill	17	12	Sat	smartphone	Mombasa	0
UHQT3DGD8	319.03	77952.34	77633.31	1375.96	1694.99	paybill	12	8	Tue	feature	Kisumu	0
UBL9RZRKB	2747.15	3210.5	463.35	1800.94	4548.09	paybill	8	2	Tue	smartphone	Kisumu	0
UJBVN7NPR	288.96	54396.04	54107.08	11244.51	11533.47	peer	1	10	Sun	feature	Kisumu	0
UEWDCOKZ5	846.82	45109.64	44262.82	21375.09	22221.91	till	10	5	Wed	smartphone	Kisumu	0
UB6P8KH7R	592.54	22671.44	22078.9	17652.52	18245.06	peer	18	2	Sat	feature	Nairobi	0
ULU3U6H0U	3367.81	67683.38	64315.57	20047.09	23414.9	till	6	12	Sun	feature	Kisumu	0
UC67RL2YJ	2160.23	38159.23	35999	24876.99	27037.22	paybill	22	3	Sun	smartphone	Nairobi	0
UK8DH9PTF	343.52	14972.26	14628.74	16578.23	16921.75	paybill	7	11	Tue	smartphone	Nakuru	0
UANNKL3ER	2896.84	5785.55	2888.71	3450.38	6347.22	paybill	13	1	Thu	feature	Eldoret	0
UIP9M7QNT	4239.86	36854.19	32614.33	4752.65	8992.51	paybill	4	9	Thu	feature	Kisumu	0
UKKW7493D	2629.5	55520.08	52890.58	38556.14	41185.64	till	3	11	Thu	smartphone	Nakuru	0
UL17DPUBK	1594.8	41301.19	39706.39	23164.68	24759.48	peer	2	12	Sun	feature	Nakuru	0
UGE48M2Q6	69.7	34075.73	34006.03	1878.55	1948.25	till	19	7	Thu	smartphone	Eldoret	0
UDSJXL66Y	205.22	100.93	0	20828.29	21033.51	paybill	8	4	Mon	smartphone	Kisumu	1
UC24S0LGU	1108.82	57877.95	56769.13	10028.01	11136.83	till	4	3	Thu	smartphone	Nairobi	0
UKOB7P7O0	341.44	24385.01	24043.57	11520.83	11862.27	paybill	20	11	Fri	smartphone	Eldoret	0
UDD2SW24W	2.21	15370.38	15368.17	15504.23	15506.44	till	14	4	Tue	feature	Nakuru	0
UBDPWVBZ7	1973.61	59377.52	57403.91	42421.27	44394.88	paybill	3	2	Mon	smartphone	Mombasa	0
UKWMI6KTI	823.91	71693.66	70869.75	40901.34	41725.25	paybill	17	11	Sun	feature	Nakuru	0
UECFA95D7	437.16	14610.96	14173.8	18547.05	18984.21	peer	18	5	Wed	feature	Nairobi	0
UBC46HD2O	3483.27	32519.52	29036.25	11024.42	14507.69	till	21	2	Mon	smartphone	Mombasa	0
UG6WQFK6X	2156.27	47291.96	45135.69	33050.71	35206.98	peer	21	7	Mon	feature	Nakuru	0
UH9VASJEV	122.56	56774.73	56652.17	8366.07	8488.63	till	9	8	Fri	smartphone	Kisumu	0
UFEHLH07J	2275.5	21580.85	19305.35	31421.7	33697.2	peer	8	6	Wed	feature	Mombasa	0
UL3P87JH4	986.29	48164.15	47177.86	14828	15814.29	paybill	16	12	Mon	feature	Nakuru	0
UD8R5P03W	1879.87	44851.33	42971.46	39036.59	40916.46	paybill	20	4	Tue	feature	Mombasa	0
UK3Q68JOV	1849.02	29605.53	27756.51	46646.24	48495.26	till	18	11	Wed	feature	Kisumu	0
UBGL2MCXN	2636.09	14497.64	11861.55	4911.75	7547.84	peer	7	2	Mon	feature	Nairobi	0
ULLQ26UNV	2440.78	55598.17	53157.39	36449.05	38889.83	peer	14	12	Fri	feature	Nairobi	0
UKC6P1LLH	2967.4	2565.55	0	2594.76	5562.16	paybill	16	11	Mon	feature	Eldoret	1
UBEGLNUKX	230.02	26915.28	26685.26	48926.27	49156.29	peer	5	2	Thu	feature	Nakuru	0
UGBTSMAQ3	2912.52	58191.84	55279.32	28103.64	31016.16	paybill	16	7	Wed	feature	Mombasa	0
UGC1RBK9R	4408.76	25027.52	20618.76	24125.02	28533.78	peer	0	7	Sun	feature	Kisumu	0
UBBBADLYP	1059.87	30809.97	29750.1	1259.67	2319.54	peer	3	2	Sat	feature	Eldoret	0
UA75J2D8C	2739.5	63824.03	61084.53	30795.6	33535.1	till	7	1	Sun	feature	Eldoret	0
ULGEQE515	2779.92	18874.38	16094.46	35243.55	38023.47	paybill	22	12	Sat	feature	Kisumu	0
UISUX9L0I	2548.45	77366.12	74817.67	2583.44	5131.89	paybill	0	9	Sat	smartphone	Nairobi	0
UI4IX4ZCR	1054.18	69024.97	67970.79	8962.78	10016.96	till	15	9	Tue	feature	Kisumu	0
UDRM31SL7	2414.18	76202.12	73787.94	11336.37	13750.55	till	2	4	Tue	smartphone	Nakuru	0
UD7NQWHOC	3172.18	54204.48	51032.3	31251.46	34423.64	till	19	4	Wed	smartphone	Mombasa	0
UH50I6GBX	570.9	53848.97	53278.07	39834.07	40404.97	paybill	21	8	Mon	smartphone	Mombasa	0
UGHOPMPNB	432.46	74830.24	74397.78	42534.01	42966.47	paybill	23	7	Tue	feature	Kisumu	0
UGGJVSDBI	6018.24	1071.33	0	33701	39719.24	peer	18	7	Mon	smartphone	Mombasa	1
UEITJ5ZOO	79.84	1681.67	1601.83	19534.11	19613.95	till	16	5	Wed	feature	Eldoret	0
UC2MKV0DS	318.73	49741.27	49422.54	16702.5	17021.23	paybill	11	3	Sat	feature	Mombasa	0
UCLCG6FAR	1979.07	48479.83	46500.76	12356.58	14335.65	peer	13	3	Wed	smartphone	Mombasa	0
UK1AMRA5R	659.75	34678.07	34018.32	34272.19	34931.94	peer	17	11	Fri	feature	Mombasa	0
UIS11D2MR	606.23	16511.57	15905.34	19072.05	19678.28	till	1	9	Wed	feature	Mombasa	0
UFQ3KMSX5	6030.21	53751.18	47720.97	31614.11	37644.32	paybill	19	6	Mon	feature	Kisumu	0
ULXFOH9MB	332.83	62842.98	62510.15	30055.13	30387.96	till	18	12	Thu	feature	Eldoret	0
ULD7NDJWT	6963.03	22177.9	15214.87	21600.95	28563.98	till	23	12	Tue	feature	Mombasa	0
UFOP9LBSM	5895.95	14431.24	8535.29	48533.83	54429.78	paybill	9	6	Sun	feature	Kisumu	0
UFK8RYQF8	180.38	59057.01	58876.63	35227.72	35408.1	till	8	6	Tue	feature	Eldoret	0
UECKQH3ER	824.16	31869.23	31045.07	13213.81	14037.97	paybill	16	5	Sat	smartphone	Nakuru	1
UEE52S8U8	344.75	21555.85	21211.1	14373.08	14717.83	peer	2	5	Sat	smartphone	Nairobi	0
UJ7KB7IYN	1603.97	11600.96	9996.99	29767.98	31371.95	peer	21	10	Wed	feature	Nakuru	0
UEGP52F1J	283.31	76118.72	75835.41	14864.54	15147.85	peer	14	5	Wed	feature	Eldoret	0
UEUWTN5PE	144.88	36695.97	36551.09	4604.76	4749.64	paybill	11	5	Fri	feature	Nairobi	0
UFPPOAU8P	1209.07	1307.34	98.27	48250.77	49459.84	till	20	6	Wed	smartphone	Nakuru	1
UINW65B4E	433.31	36109.85	35676.54	33602.8	34036.11	paybill	9	9	Sun	feature	Eldoret	0
UBB3XMDKR	1314.01	20037	18722.99	100.93	1414.94	peer	3	2	Mon	smartphone	Nairobi	0
UIF0RIY4K	286.89	8561.87	8274.98	7741.43	8028.32	peer	18	9	Sun	feature	Mombasa	0
ULHCF5SID	4343.46	75130.66	70787.2	334.11	4677.57	till	21	12	Thu	feature	Eldoret	0
UBKRGI4JW	2219.6	56121.05	53901.45	34005.59	36225.19	till	3	2	Fri	smartphone	Nairobi	0
UCWG3XG0T	786.76	30910.52	30123.76	46813.36	47600.12	paybill	16	3	Wed	smartphone	Nakuru	0
UHNJN2Q3F	1171.3	76610.72	75439.42	19951.77	21123.07	peer	18	8	Fri	feature	Eldoret	0
UJKX6WB68	2747.01	59178.72	56431.71	10733.39	13480.4	till	9	10	Thu	feature	Nairobi	0
UCM4SMZOC	1640.41	764.76	0	21679.14	23319.55	paybill	9	3	Sat	feature	Nairobi	1
UL4F2X7C4	145.8	73172.44	73026.64	21701.05	21846.85	paybill	20	12	Fri	smartphone	Nakuru	0
UL71SEL8M	449.05	35126.96	34677.91	49813.11	50262.16	paybill	8	12	Mon	smartphone	Eldoret	0
ULFDD7R19	390.43	51051.29	50660.86	12101.1	12491.53	till	10	12	Sun	smartphone	Nairobi	0
UC0N97CJB	1877.92	52354.13	50476.21	40918.48	42796.4	paybill	7	3	Sun	feature	Nairobi	0
UK47LZN9U	76.97	1198.27	1121.3	12418.81	12495.78	paybill	19	11	Thu	feature	Eldoret	0
UDHF33GUW	361.97	6263.9	5901.93	45558.41	45920.38	peer	4	4	Mon	smartphone	Kisumu	0
UF1U5MY80	657.43	58645.4	57987.97	30336.59	30994.02	peer	17	6	Sun	smartphone	Nairobi	0
UHSM642PW	1676.1	29838.81	28162.71	16651.74	18327.84	till	17	8	Mon	smartphone	Eldoret	0
UEDRBTA3K	3243.77	39530.73	36286.96	14165.24	17409.01	paybill	18	5	Sat	feature	Eldoret	0
UC8CU47SO	2318.07	49381.01	47062.94	37144.07	39462.14	till	2	3	Mon	feature	Nairobi	0
UKBMJM1FT	2008.64	23390.51	21381.87	38537.13	40545.77	till	13	11	Mon	smartphone	Kisumu	0
UB3UV43MC	836.6	63997.53	63160.93	16680.34	17516.94	till	5	2	Fri	smartphone	Nakuru	0
UH8JBBSXP	3005.87	71638.15	68632.28	33323.15	36329.02	peer	0	8	Mon	smartphone	Eldoret	0
UDT4Y0TB1	2322.42	32966.02	30643.6	43686.15	46008.57	paybill	20	4	Sat	feature	Nairobi	0
UCEEW6MM7	1523.98	34265.35	32741.37	22127.28	23651.26	peer	5	3	Fri	smartphone	Eldoret	0
UG052U9AZ	1571.83	62740.59	61168.76	20969.48	22541.31	peer	4	7	Mon	smartphone	Mombasa	0
UCKLV69EO	1039.96	47947.75	46907.79	10054.94	11094.9	till	10	3	Mon	smartphone	Nakuru	0
UIHZ364PK	1338.25	4588.47	3250.22	24554.79	25893.04	till	6	9	Wed	smartphone	Kisumu	0
UELTDMO8R	3928.22	22554.94	18626.72	35648	39576.22	peer	14	5	Sun	smartphone	Eldoret	0
ULTE02BIP	17.34	73929.75	73912.41	5594.03	5611.37	peer	0	12	Mon	feature	Kisumu	0
UEKN3DKVR	1089.82	14933.17	13843.35	33210.97	34300.79	paybill	16	5	Thu	smartphone	Nairobi	0
UDNXTXB17	3201.68	66136.4	62934.72	22310.06	25511.74	paybill	12	4	Sun	feature	Mombasa	0
UD1M3PP00	2458.64	24853.57	22394.93	12497.85	14956.49	peer	0	4	Fri	feature	Eldoret	0
UIQUUSFN0	1085.43	20465.09	19379.66	37126.54	38211.97	peer	22	9	Mon	feature	Kisumu	0
UB91KUBJJ	119.6	63164.5	63044.9	15389.79	15509.39	till	23	2	Sun	smartphone	Kisumu	0
UEULJGQPQ	3676.43	26206.73	22530.3	17721.25	21397.68	paybill	4	5	Sat	smartphone	Nairobi	0
UAUC6T8PJ	1056.72	18619.51	17562.79	15930.45	16987.17	paybill	6	1	Sun	feature	Nakuru	0
UDWFWBEBY	3508.23	44314.36	40806.13	25156.62	28664.85	till	5	4	Wed	smartphone	Mombasa	0
ULI899A44	323.25	63579.4	63256.15	44218.83	44542.08	peer	21	12	Fri	smartphone	Eldoret	0
UBCPSILN3	634.18	59893.63	59259.45	21960.53	22594.71	till	15	2	Thu	feature	Kisumu	0
UAL2MOXQ9	1414.52	53924.27	52509.75	8962.66	10377.18	peer	14	1	Wed	smartphone	Mombasa	0
UC6AV3S2S	1776.01	39201.18	37425.17	21480.43	23256.44	paybill	14	3	Tue	feature	Kisumu	0
UAXF1X889	2024.23	57527.3	55503.07	36620.05	38644.28	till	20	1	Sat	feature	Eldoret	0
ULE52VXSL	1085.2	43355.43	42270.23	17261.5	18346.7	till	21	12	Wed	smartphone	Eldoret	0
UD29IL9YQ	802.17	70544.83	69742.66	6074.77	6876.94	paybill	9	4	Wed	smartphone	Kisumu	0
UIS6XVQPU	1510.31	17866.67	16356.36	25961.23	27471.54	peer	18	9	Fri	smartphone	Kisumu	0
UKVEJKLCP	1403.79	13437.79	12034	12186.47	13590.26	till	13	11	Thu	smartphone	Nakuru	0
UHAEJT70E	467.14	17642.36	17175.22	47993.14	48460.28	paybill	21	8	Mon	smartphone	Mombasa	0
UCSTNPEZI	1436.84	33320.43	31883.59	21447.22	22884.06	paybill	8	3	Sun	feature	Nairobi	0
UJW9B0MQO	1167.75	33007.99	31840.24	37679.73	38847.48	paybill	9	10	Wed	feature	Eldoret	0
ULG167D6V	341.61	33015.45	32673.84	43526.35	43867.96	till	1	12	Thu	feature	Mombasa	0
UHG0K1IRB	1497.14	75614.62	74117.48	34831.36	36328.5	till	15	8	Fri	feature	Kisumu	0
UFN18B850	1026.89	11513.07	10486.18	34603.68	35630.57	paybill	6	6	Fri	feature	Kisumu	0
UFKEJP5K7	346.48	61207.6	60861.12	33944.89	34291.37	peer	4	6	Tue	feature	Nairobi	0
UBH41A68T	2224.12	33599.81	31375.69	906.2	3130.32	peer	6	2	Thu	smartphone	Mombasa	0
UDK8PQEQ7	2360.8	44898.2	42537.4	31421.32	33782.12	peer	2	4	Thu	feature	Kisumu	0
UEDEKY820	1750.17	897.3	0	36172.18	37922.35	peer	15	5	Wed	smartphone	Nakuru	1
UFJWS1ZL7	1150.7	37257.91	36107.21	43708.53	44859.23	till	0	6	Sun	feature	Eldoret	0
UIX5BWAEN	341.17	26756.91	26415.74	39577.91	39919.08	till	11	9	Tue	feature	Mombasa	0
UCRGREWDS	900.29	65665.84	64765.55	20228.43	21128.72	peer	18	3	Mon	feature	Nakuru	0
UHUHGPJNV	993.47	6148.41	5154.94	19391.3	20384.77	paybill	10	8	Fri	smartphone	Nairobi	0
UD5YRWVTK	2440.93	22542.47	20101.54	10397.82	12838.75	paybill	18	4	Thu	feature	Kisumu	0
UDXEQLEZZ	64.34	31213.45	31149.11	27088.05	27152.39	paybill	5	4	Sun	feature	Kisumu	0
UGYBJH4OU	5166.12	51900.61	46734.49	3705.27	8871.39	till	19	7	Wed	feature	Eldoret	0
UHPJBRHWB	706.13	79138.5	78432.37	11577.42	12283.55	peer	12	8	Fri	smartphone	Nakuru	0
UD2D8VET8	4285.15	25760.86	21475.71	11005.57	15290.72	paybill	9	4	Mon	feature	Eldoret	0
UICBHT94O	647.38	5590.22	4942.84	18478.71	19126.09	paybill	7	9	Sun	smartphone	Kisumu	0
UFOTIA41S	936.1	3721.01	2784.91	17497.25	18433.35	paybill	19	6	Mon	smartphone	Kisumu	0
UEAWYB03N	3973.72	66526.28	62552.56	42116.28	46090	till	10	5	Wed	smartphone	Kisumu	0
UBSZ0A0T7	700.79	61847.48	61146.69	27420.96	28121.75	till	1	2	Sun	feature	Nairobi	0
UJ42P0KQD	103.16	34143.07	34039.91	27401.62	27504.78	till	7	10	Thu	feature	Mombasa	0
UGD8UR6TI	1104.31	54230.13	53125.82	37925.09	39029.4	paybill	6	7	Sat	feature	Kisumu	0
UIZQUA1QR	22.1	49675.86	49653.76	37112.66	37134.76	paybill	18	9	Wed	smartphone	Kisumu	0
UBUH7VDO4	279.28	27822.32	27543.04	19537.76	19817.04	till	8	2	Sun	smartphone	Nairobi	0
UHJLMFLUO	259.17	60721.35	60462.18	29857.77	30116.94	till	15	8	Tue	feature	Nairobi	1
UHLXLZS49	1592.55	68221.54	66628.99	27082.32	28674.87	peer	3	8	Thu	smartphone	Eldoret	0
UC1F0FP8B	2129.88	37966.31	35836.43	35819.86	37949.74	peer	11	3	Sat	feature	Nakuru	0
UL5PAE9Z5	474	47121.54	46647.54	9268.64	9742.64	paybill	7	12	Fri	feature	Mombasa	0
UKFKY28NV	1373.58	34045.58	32672	45391.93	46765.51	peer	1	11	Wed	smartphone	Eldoret	0
UIZRLGQ9A	1061.05	44678.4	43617.35	29233.4	30294.45	peer	14	9	Sat	smartphone	Mombasa	0
UHLCQFMUI	215.2	65764.29	65549.09	32975.54	33190.74	peer	18	8	Wed	feature	Eldoret	0
UJ0N17UXH	2386.23	42706.79	40320.56	31838.09	34224.32	peer	5	10	Sat	smartphone	Nakuru	0
UCJD2V1L1	2068.88	42345.08	40276.2	41295.89	43364.77	paybill	0	3	Sun	feature	Kisumu	0
UCAIH7WFR	932.96	17575.38	16642.42	29765.16	30698.12	peer	13	3	Mon	smartphone	Mombasa	1
UHPQK1IO1	461.08	62165.56	61704.48	41082.4	41543.48	paybill	6	8	Wed	feature	Eldoret	0
UB54884Z4	928.52	15099.02	14170.5	4419.25	5347.77	paybill	22	2	Sat	feature	Eldoret	0
UI6XG541M	1800.71	12133.59	10332.88	10861.54	12662.25	till	11	9	Fri	smartphone	Nairobi	0
UFG0APSAL	935.4	2790.74	1855.34	43959.29	44894.69	paybill	21	6	Wed	smartphone	Nakuru	0
UEBJRBZJW	418.37	50440.19	50021.82	42906.02	43324.39	peer	4	5	Sun	feature	Eldoret	0
UKQG0XTDN	2297.14	16165.11	13867.97	25710.05	28007.19	till	23	11	Tue	smartphone	Eldoret	0
UBP4CWCDT	1999.01	79693	77693.99	41270.78	43269.79	peer	6	2	Sat	smartphone	Mombasa	0
UK4LZ6V7S	2795.25	65035.82	62240.57	35341.89	38137.14	paybill	10	11	Thu	smartphone	Kisumu	0
UD3S0DPJH	5128.9	72257.19	67128.29	46678.55	51807.45	peer	19	4	Sat	smartphone	Nairobi	0
UEUEQ4D7D	2424.3	556.91	0	23291.29	25715.59	peer	9	5	Sat	smartphone	Kisumu	1
UFV812HNC	1270.02	32954.2	31684.18	6504.03	7774.05	peer	15	6	Wed	smartphone	Mombasa	0
UEBZGFLIG	34.02	62720.69	62686.67	28309.03	28343.05	peer	20	5	Wed	feature	Mombasa	0
UEDMN1S3Y	562.65	25044.49	24481.84	787.15	1349.8	till	15	5	Thu	smartphone	Nakuru	0
UJHZM32HZ	25.95	49937.07	49911.12	38115.13	38141.08	till	23	10	Sun	feature	Eldoret	0
UI1JQBEXG	59.57	40979.69	40920.12	267.31	326.88	till	14	9	Wed	feature	Nairobi	0
UGX6LDM6F	4180.97	69168.22	64987.25	29346.83	33527.8	paybill	4	7	Sat	smartphone	Eldoret	0
UFLQGA3QU	1304.65	35439.28	34134.63	35369.85	36674.5	paybill	18	6	Thu	smartphone	Mombasa	0
ULNMYK851	739.55	45601.81	44862.26	43420.54	44160.09	till	19	12	Mon	feature	Kisumu	0
UE8OBS758	714.94	27418.23	26703.29	26383.87	27098.81	peer	1	5	Fri	smartphone	Nakuru	0
UKL88L12Q	356.69	35500.44	35143.75	24707.38	25064.07	peer	18	11	Sat	smartphone	Mombasa	0
UCKCIHDIY	2960.41	57236.5	54276.09	29657.91	32618.32	paybill	9	3	Mon	feature	Mombasa	0
UFDTOHRNQ	82.24	66643.27	66561.03	18121.57	18203.81	peer	10	6	Thu	smartphone	Mombasa	0
UCOLKY5VT	2988.7	75341.19	72352.49	8367.85	11356.55	till	23	3	Sat	smartphone	Kisumu	0
UJGINSAVO	1040.8	51576.11	50535.31	48712.38	49753.18	peer	8	10	Tue	feature	Mombasa	0
UAHPMXPKN	108.53	12580.9	12472.37	31797.02	31905.55	peer	21	1	Wed	feature	Mombasa	0
UCOSD3M0X	1371.82	16412.91	15041.09	2117.11	3488.93	peer	14	3	Tue	feature	Mombasa	0
UJSYAXYPB	1300.27	67005.63	65705.36	8486.42	9786.69	till	16	10	Sat	smartphone	Mombasa	0
UHS2Z48EG	29	2094.8	2065.8	8571.71	8600.71	paybill	15	8	Sun	smartphone	Eldoret	0
UAM7VH30Q	906.55	64244.59	63338.04	48046.01	48952.56	paybill	7	1	Mon	smartphone	Mombasa	0
UHN6YJMK3	1151.6	76287.45	75135.85	44080.78	45232.38	peer	23	8	Wed	feature	Nakuru	0
UAQKBE0TO	1317.41	22233.3	20915.89	46065.38	47382.79	till	16	1	Mon	smartphone	Nakuru	0
UKR6MQW76	1312.69	7683.18	6370.49	29704.14	31016.83	till	7	11	Fri	feature	Mombasa	0
UBLBV03DS	1819.22	18540.49	16721.27	45783.61	47602.83	paybill	7	2	Sat	feature	Nairobi	0
UGA8JX54P	1436.9	70644.89	69207.99	32952.27	34389.17	peer	22	7	Fri	feature	Nakuru	0
UJS4I2NR1	355.92	78097.34	77741.42	34172.69	34528.61	till	12	10	Sat	smartphone	Kisumu	0
UIYV6YJOA	706.06	22992.91	22286.85	40132.02	40838.08	peer	22	9	Wed	feature	Kisumu	0
UJ2WDIZHW	8837.65	17376.54	8538.89	34560.59	43398.24	till	19	10	Sun	feature	Nakuru	0
UGWLO7AMM	1385.88	75267.79	73881.91	38795.58	40181.46	paybill	7	7	Sun	feature	Eldoret	0
UIZYJB48W	205.34	34887.95	34682.61	19798.08	20003.42	paybill	6	9	Mon	smartphone	Mombasa	0
UFK1QQFVW	1659.85	75043.42	73383.57	4255.17	5915.02	paybill	9	6	Sun	smartphone	Eldoret	0
UI09NTN8E	730.66	33355.82	32625.16	8405.91	9136.57	peer	17	9	Mon	feature	Kisumu	0
UC199TMH6	966.4	21558.12	20591.72	5048.91	6015.31	paybill	17	3	Sat	smartphone	Mombasa	0
UITO4RQ3Q	274.97	42437.51	42162.54	49265.19	49540.16	peer	4	9	Thu	feature	Kisumu	0
UI31XYDUP	272.32	35235.26	34962.94	13918.42	14190.74	peer	7	9	Sat	smartphone	Nairobi	0
UDEW9V08L	2401.41	50483.42	48082.01	10985.34	13386.75	till	13	4	Sat	feature	Eldoret	0
UFAV2OSG6	31.1	20591.4	20560.3	17765.99	17797.09	till	9	6	Sun	smartphone	Nairobi	0
UH77LK6HQ	1681.26	16919.5	15238.24	40451.18	42132.44	till	3	8	Thu	smartphone	Mombasa	0
UHSEVL7FQ	238.36	69186.25	68947.89	7746.27	7984.63	peer	5	8	Sat	smartphone	Mombasa	0
UI95CPJZE	129.54	66362.21	66232.67	35333.78	35463.32	till	1	9	Fri	smartphone	Nakuru	0
UH3C330BO	1440.44	38331.84	36891.4	39027.8	40468.24	till	4	8	Sat	feature	Nakuru	0
UBD41U2ZN	542.8	49957.48	49414.68	13682.02	14224.82	peer	23	2	Tue	feature	Nakuru	0
UEDXC6RIJ	1003.66	35395.54	34391.88	49211.72	50215.38	paybill	16	5	Wed	feature	Mombasa	0
UJJBFSA5U	755.55	4652.6	3897.05	20930.36	21685.91	paybill	22	10	Sat	smartphone	Kisumu	0
UKKZYF2EV	919.93	27830.28	26910.35	27361.88	28281.81	paybill	12	11	Sat	smartphone	Eldoret	0
UDUFANS5S	7200.48	68990.02	61789.54	15693.77	22894.25	peer	16	4	Wed	smartphone	Nairobi	0
UILN5RGSG	1158.36	45048.16	43889.8	38258.02	39416.38	peer	6	9	Sat	smartphone	Eldoret	0
UDLIK22XM	4230.63	39202.46	34971.83	37082.07	41312.7	till	20	4	Mon	smartphone	Kisumu	0
UFXODLCTT	1017.59	54994.43	53976.84	32904.13	33921.72	peer	11	6	Sun	smartphone	Mombasa	0
UJSI2G74I	186.67	32603.7	32417.03	16411.66	16598.33	peer	15	10	Mon	feature	Nakuru	0
UEDG3C6SC	907.68	15793.9	14886.22	47572.24	48479.92	till	7	5	Sun	feature	Eldoret	0
UBT2LWHED	289.45	58925.56	58636.11	25644.85	25934.3	till	18	2	Fri	smartphone	Nakuru	0
UHKAP6ZPX	3055.79	18463.16	15407.37	27633.11	30688.9	till	21	8	Fri	feature	Eldoret	0
UE1VRGSS8	698.24	10619.12	9920.88	42735.17	43433.41	till	5	5	Tue	feature	Nairobi	0
UKULP98RL	271.03	17574.91	17303.88	9141.89	9412.92	paybill	2	11	Thu	smartphone	Kisumu	0
UB1YD5MY3	2620.56	48347.69	45727.13	28830.7	31451.26	peer	21	2	Sun	smartphone	Mombasa	0
UESLTDKVU	1227.27	30026.4	28799.13	39886.61	41113.88	peer	5	5	Tue	feature	Mombasa	0
UCVF89X22	686.85	44587.11	43900.26	42256.04	42942.89	paybill	11	3	Thu	feature	Mombasa	0
UCL03LLU1	2383.91	53853.89	51469.98	11025.21	13409.12	paybill	19	3	Mon	feature	Kisumu	1
UK291AZHZ	369.25	20048.55	19679.3	13162.37	13531.62	paybill	19	11	Mon	feature	Kisumu	0
UGLUHHS4D	0.98	63428.33	63427.35	31366.45	31367.43	paybill	9	7	Sat	feature	Nakuru	0
UH882O8ZI	2081.04	21303.07	19222.03	27716.87	29797.91	till	21	8	Thu	smartphone	Eldoret	0
UAXJN7DE0	333.79	38941.83	38608.04	46036.98	46370.77	till	23	1	Thu	smartphone	Nairobi	0
UJKHDIU1J	61.33	48834.33	48773	46226.12	46287.45	paybill	13	10	Sat	smartphone	Mombasa	0
UB5Z08N10	2311.36	37498.72	35187.36	23314.97	25626.33	paybill	12	2	Thu	smartphone	Mombasa	0
UFLYZJ0AE	2144.28	49258.77	47114.49	38021.22	40165.5	paybill	15	6	Sun	feature	Nakuru	0
UIC9NU985	1079	74820.25	73741.25	18790.25	19869.25	till	6	9	Thu	feature	Nairobi	0
UFW0U92T2	1847.13	13739.6	11892.47	1523.18	3370.31	peer	17	6	Fri	feature	Eldoret	0
UK911PJQ5	343.08	51763.38	51420.3	11337.06	11680.14	till	22	11	Wed	smartphone	Eldoret	0
UKUQ2086O	1663.14	40837.34	39174.2	25063.78	26726.92	till	19	11	Sun	feature	Mombasa	0
UAIPJIYLQ	77.32	22349.81	22272.49	42649.1	42726.42	till	19	1	Wed	smartphone	Nairobi	0
UCHGAV42T	3954.64	12938.3	8983.66	1248.58	5203.22	paybill	14	3	Sun	feature	Mombasa	0
UKHKPJ7HM	894.14	26946.96	26052.82	23284.13	24178.27	paybill	8	11	Mon	feature	Mombasa	0
UH54HBPH1	2226.73	22555.88	20329.15	8674.8	10901.53	peer	7	8	Mon	smartphone	Nairobi	0
UJ0E1ERV0	716.45	16067.32	15350.87	2776.25	3492.7	peer	7	10	Tue	smartphone	Eldoret	0
UFRS8ANP8	1260.61	16941.44	15680.83	27822.81	29083.42	paybill	16	6	Wed	smartphone	Eldoret	0
UKK9DXOQ8	2912.06	74338.66	71426.6	19366.13	22278.19	till	7	11	Wed	smartphone	Nakuru	0
UDGASFQBV	102.68	59979.14	59876.46	21555.62	21658.3	till	4	4	Sat	feature	Mombasa	0
UJOFG7803	137.43	18830.61	18693.18	17254.19	17391.62	peer	16	10	Sun	smartphone	Kisumu	0
UHHON4WBA	45.85	23572.69	23526.84	2074.96	2120.81	paybill	18	8	Mon	smartphone	Nairobi	0
UAT10GDMI	1520.42	52305.34	50784.92	9615.49	11135.91	peer	16	1	Mon	feature	Nakuru	0
UG4TEVWLQ	525.73	75778.2	75252.47	44242.76	44768.49	peer	5	7	Wed	feature	Nakuru	0
UKZR04HHE	2015.24	22601.12	20585.88	48168.02	50183.26	peer	16	11	Sat	smartphone	Eldoret	0
ULO5DIGXL	15.51	56529.07	56513.56	31134.48	31149.99	till	16	12	Fri	feature	Nairobi	0
UFPXU7B6N	6924.17	11466.19	4542.02	15658.16	22582.33	peer	2	6	Tue	smartphone	Mombasa	0
UKB2FLURM	2841.03	27536.6	24695.57	41728.59	44569.62	till	9	11	Thu	feature	Mombasa	0
UHWTEK17M	4111.27	75125.81	71014.54	22640.69	26751.96	paybill	7	8	Wed	feature	Mombasa	0
UHXYMSCNX	331.89	19275.15	18943.26	35506.63	35838.52	peer	8	8	Mon	smartphone	Eldoret	0
UBEZEMQT7	478.14	77449.3	76971.16	22335.73	22813.87	till	22	2	Tue	feature	Nakuru	0
UDFY1H0S2	1044.28	37729.72	36685.44	33095.68	34139.96	till	23	4	Fri	smartphone	Eldoret	0
UFTY9GFYW	2086.52	46273.5	44186.98	45217.99	47304.51	peer	7	6	Sun	smartphone	Eldoret	0
UJPHB8OOS	2550.75	62758.07	60207.32	23119.56	25670.31	paybill	15	10	Thu	feature	Eldoret	0
UL7AJUL7W	3003.31	32954.68	29951.37	20120.31	23123.62	peer	11	12	Sun	feature	Mombasa	0
UCRF899OF	3238.86	60621.41	57382.55	14753.62	17992.48	till	19	3	Tue	smartphone	Mombasa	0
UBI8FO0VY	532.57	21803.49	21270.92	9530.49	10063.06	peer	15	2	Sat	feature	Kisumu	0
UAWSS1VIP	306.17	34453.61	34147.44	41547.46	41853.63	till	20	1	Sat	feature	Kisumu	0
UB51Z58B4	191.56	9442.19	9250.63	34107.66	34299.22	till	0	2	Thu	feature	Mombasa	0
UC5Y21ID9	4490.59	47726.95	43236.36	21692.2	26182.79	till	13	3	Sun	feature	Eldoret	0
UKRZPCD14	269.42	28475.02	28205.6	2262.46	2531.88	paybill	4	11	Sat	feature	Mombasa	0
UK49CD3IR	368.68	52727.04	52358.36	46577.75	46946.43	till	22	11	Wed	smartphone	Nakuru	0
UIVUV5YBD	2580.4	41899.13	39318.73	34984.5	37564.9	till	21	9	Mon	smartphone	Nakuru	0
UDMY6PO0M	793.63	26210.9	25417.27	540.55	1334.18	paybill	9	4	Fri	smartphone	Nairobi	0
UK0P6HGWL	2627.81	7989.1	5361.29	3783.06	6410.87	paybill	4	11	Sun	smartphone	Nakuru	0
UEMYM8J2L	673.05	46847.77	46174.72	11313.76	11986.81	till	12	5	Wed	smartphone	Nakuru	0
UI1TLOM34	3390.7	59135.45	55744.75	1622.17	5012.87	paybill	1	9	Wed	smartphone	Mombasa	0
UEDZXLRGN	1612.57	8350.87	6738.3	8626.19	10238.76	till	11	5	Thu	feature	Kisumu	0
UH618LEU6	1258.91	33941.48	32682.57	39678.53	40937.44	till	21	8	Wed	smartphone	Kisumu	0
UJZHDV5OJ	48.44	19281.65	19233.21	7215.46	7263.9	till	20	10	Wed	feature	Nakuru	0
UGD835KUC	184.44	41934.56	41750.12	10912.99	11097.43	paybill	11	7	Sun	smartphone	Mombasa	0
UIF9AIZH5	6824.85	20303.36	13478.51	28881.59	35706.44	peer	0	9	Tue	smartphone	Mombasa	0
UD84RPU9G	667.58	59639.84	58972.26	3821.99	4489.57	till	20	4	Fri	feature	Kisumu	0
UG0Z92JN6	3393.38	29068.53	25675.15	40285.73	43679.11	paybill	15	7	Fri	feature	Eldoret	0
ULE49ITE9	596.65	6866.6	6269.95	23334.66	23931.31	till	12	12	Sat	feature	Nairobi	0
UFD3IMZ93	987.05	45298.48	44311.43	9133.62	10120.67	paybill	5	6	Fri	smartphone	Eldoret	0
UJPVC9AQX	225.53	65907.53	65682	19230.55	19456.08	paybill	14	10	Sun	smartphone	Nakuru	0
UKM8JJ6AV	921.85	16419.32	15497.47	837.82	1759.67	peer	20	11	Thu	smartphone	Nairobi	0
UETYLU58F	1705.4	33718.82	32013.42	30084.11	31789.51	till	16	5	Fri	feature	Nakuru	0
UJB1V1CCO	4149.53	20056.8	15907.27	32708.01	36857.54	peer	19	10	Tue	smartphone	Nairobi	0
UAXRED8U8	1448.38	45018.89	43570.51	35737.66	37186.04	paybill	3	1	Thu	feature	Mombasa	0
UFGLGPJDJ	106.36	9397.04	9290.68	30639.79	30746.15	paybill	11	6	Sat	smartphone	Mombasa	0
UH1SAV9CN	4182.64	55497.48	51314.84	32411.79	36594.43	till	11	8	Mon	smartphone	Kisumu	0
UGL2UNCGW	394.93	32316.3	31921.37	41682.2	42077.13	till	2	7	Tue	feature	Kisumu	0
UK6VU6Z5G	2528.43	71950.9	69422.47	48113.07	50641.5	paybill	16	11	Mon	smartphone	Nairobi	0
UB3LKMGS6	880.79	33112.48	32231.69	33791.15	34671.94	till	3	2	Tue	feature	Eldoret	0
UKTNQETMN	1610.12	17434.8	15824.68	14400.27	16010.39	paybill	15	11	Tue	feature	Nakuru	0
UFC9R4X1V	1219	66201.44	64982.44	2095.76	3314.76	peer	15	6	Sat	feature	Nairobi	0
UJUTOTHLQ	814.98	56838.17	56023.19	4786.45	5601.43	till	12	10	Thu	feature	Eldoret	0
UGCADUVL9	573.42	58545.76	57972.34	47905.9	48479.32	till	14	7	Sat	smartphone	Nakuru	0
UAGD60UGL	373.55	4112.13	3738.58	23230.66	23604.21	peer	7	1	Mon	feature	Eldoret	0
UDMT3YPS4	716.13	32316.53	31600.4	37619.89	38336.02	till	15	4	Sat	smartphone	Nakuru	0
UBQGHLZRU	1136.67	62499.01	61362.34	19911.39	21048.06	peer	4	2	Thu	smartphone	Mombasa	0
UEAI33993	880.22	52678.59	51798.37	402.96	1283.18	paybill	12	5	Mon	smartphone	Nairobi	0
UJIY5PU5W	4301.66	8698.37	4396.71	38406.41	42708.07	till	13	10	Sat	feature	Mombasa	0
ULA3N4G2J	1041.15	67552.56	66511.41	24201.03	25242.18	till	9	12	Thu	smartphone	Nakuru	0
UCXIWE6RG	1082.61	72136.48	71053.87	10760.22	11842.83	till	4	3	Wed	feature	Nakuru	0
UIK4J1O5H	3235.85	66296.2	63060.35	35642.3	38878.15	paybill	2	9	Tue	smartphone	Kisumu	0
UAQDI3G13	1789.53	18788.36	16998.83	10544.31	12333.84	till	3	1	Wed	feature	Eldoret	0
UHVB71GHL	2919.38	64453.86	61534.48	47337.81	50257.19	peer	23	8	Wed	feature	Mombasa	0
UFQ6CN8SI	766.77	49585.54	48818.77	22720.16	23486.93	paybill	15	6	Sat	feature	Mombasa	0
UHCITUF8C	2272.48	48321.95	46049.47	32975.3	35247.78	paybill	8	8	Fri	smartphone	Nairobi	0
ULG7NFDIN	1747.35	24428.95	22681.6	9904.78	11652.13	paybill	16	12	Sun	smartphone	Eldoret	0
UKBTA3RUN	101.92	33645.91	33543.99	24844.78	24946.7	paybill	14	11	Thu	smartphone	Mombasa	0
UJJ9WR6Q5	3732.33	13757.82	10025.49	20907.24	24639.57	paybill	1	10	Sat	smartphone	Nakuru	0
UE5NA2FQZ	2123.79	57966.18	55842.39	34520.29	36644.08	peer	13	5	Thu	smartphone	Nakuru	0
UD7PP0PNN	624.51	4286.06	3661.55	7981.25	8605.76	paybill	8	4	Tue	smartphone	Kisumu	0
UDZU802NQ	613.36	18781.65	18168.29	1185.39	1798.75	paybill	9	4	Wed	feature	Mombasa	0
UGFDXK31W	2702.23	24437.73	21735.5	13225.79	15928.02	peer	12	7	Wed	smartphone	Mombasa	0
UIP7AHUG9	492.53	74124.46	73631.93	20981.37	21473.9	peer	1	9	Sat	feature	Nakuru	0
UDFLI01RV	77.92	33658.33	33580.41	484.34	562.26	till	10	4	Sat	smartphone	Eldoret	0
UBDA5B4L6	2927.42	1003.07	0	39368.6	42296.02	peer	15	2	Tue	feature	Nairobi	1
UFWL6QMGK	548.86	55847.53	55298.67	18205.64	18754.5	peer	15	6	Tue	smartphone	Nairobi	0
UBTWFTQ9Y	1252.81	43581.47	42328.66	13761.96	15014.77	peer	21	2	Sat	smartphone	Nakuru	0
UB1ENNGAY	1853.91	72349.04	70495.13	18736.1	20590.01	paybill	7	2	Fri	smartphone	Nakuru	0
UA88U595C	1197.32	7546.37	6349.05	20524.79	21722.11	paybill	7	1	Sat	feature	Nakuru	0
UB92Y8LZ8	267.5	18163.72	17896.22	40865.27	41132.77	till	16	2	Sun	feature	Mombasa	0
UJ6PG4GKS	3997.45	15540.63	11543.18	2527.96	6525.41	paybill	15	10	Wed	smartphone	Nairobi	0
UKILQPB01	1477.08	6773.64	5296.56	10556.3	12033.38	peer	4	11	Wed	smartphone	Nairobi	0
UJAUKHQNZ	2094.33	69663.65	67569.32	37954.35	40048.68	paybill	12	10	Wed	feature	Mombasa	0
UGOM7ZTRJ	1950.34	31626.33	29675.99	26497.03	28447.37	till	14	7	Mon	feature	Eldoret	0
UBAE1IGCU	263.97	16766.21	16502.24	14819.6	15083.57	peer	9	2	Sun	smartphone	Eldoret	0
ULA35WFW5	3625.36	58739.04	55113.68	17327.94	20953.3	paybill	19	12	Sun	smartphone	Nairobi	0
UBCE77GZD	785.65	13786.47	13000.82	41367.83	42153.48	till	15	2	Tue	smartphone	Eldoret	0
ULCLTRH9V	1318.63	55803.38	54484.75	9671.77	10990.4	paybill	18	12	Sat	smartphone	Nairobi	0
UCSC9J5UG	1538.76	70898.28	69359.52	44784.5	46323.26	peer	3	3	Tue	smartphone	Nakuru	0
UDFWVVSKP	529.21	8979.86	8450.65	32405.25	32934.46	till	6	4	Tue	smartphone	Kisumu	0
UE1CCM0W3	3120.58	66102.57	62981.99	33654.61	36775.19	till	14	5	Thu	smartphone	Kisumu	0
UFV6NYYCJ	2608.9	3719.04	1110.14	32819.29	35428.19	paybill	17	6	Wed	feature	Nairobi	0
UHKRT0IGY	1149.07	53734.54	52585.47	13532.2	14681.27	paybill	21	8	Wed	feature	Kisumu	0
UHQF1PAFL	127.08	35617.81	35490.73	25230.95	25358.03	till	9	8	Tue	feature	Nakuru	0
UAP36F8HA	187.12	63526.07	63338.95	32971.15	33158.27	paybill	9	1	Wed	smartphone	Kisumu	0
UHOK8TIR0	1293.44	78815.45	77522.01	38400.27	39693.71	peer	18	8	Thu	smartphone	Nairobi	0
UBCLRKI72	854.7	34256.17	33401.47	16514.23	17368.93	peer	9	2	Wed	smartphone	Kisumu	0
UKLWWVTMN	1245.97	51624.41	50378.44	1176.62	2422.59	peer	15	11	Wed	feature	Kisumu	0
UAQPHLI5L	842.19	65879.53	65037.34	27809.53	28651.72	paybill	23	1	Sun	feature	Nairobi	0
UFULGELW8	2267.9	65488.6	63220.7	2006.94	4274.84	till	14	6	Fri	smartphone	Eldoret	0
UHU6L5NFL	3309.73	52202.24	48892.51	39045.97	42355.7	paybill	0	8	Fri	feature	Mombasa	0
UHOG1ZN1R	2351.46	69258.43	66906.97	5142.13	7493.59	peer	9	8	Wed	feature	Nairobi	0
UHU28RL5H	201.94	7552.39	7350.45	48191.16	48393.1	peer	7	8	Fri	smartphone	Eldoret	0
ULC5SSINZ	217.68	54151.05	53933.37	29712.09	29929.77	paybill	2	12	Wed	smartphone	Kisumu	0
UEAX1CQ6F	1386.3	531.85	0	67.31	1453.61	till	15	5	Tue	feature	Mombasa	1
UB7QHVKVL	712.47	55419.11	54706.64	11666.64	12379.11	peer	9	2	Sun	feature	Kisumu	0
UHNLZTWXO	1472.57	52213.6	50741.03	12554.01	14026.58	peer	8	8	Sat	feature	Eldoret	0
UJ1BS0ZR7	1576.56	48519.16	46942.6	42472.32	44048.88	peer	12	10	Fri	smartphone	Kisumu	0
UB19MO1RT	69.06	79753.05	79683.99	9172.62	9241.68	till	8	2	Sun	feature	Mombasa	0
UI33QE6JI	1352.63	26624.52	25271.89	23266.85	24619.48	till	11	9	Mon	smartphone	Mombasa	0
UHBHIF5SL	20.67	67377.05	67356.38	24135.67	24156.34	till	1	8	Thu	smartphone	Mombasa	0
UERYZTBVH	2253.94	43896.8	41642.86	8732.36	10986.3	peer	18	5	Wed	smartphone	Eldoret	0
UFS3OFAWW	526.32	31890.95	31364.63	40298.95	40825.27	paybill	13	6	Fri	feature	Eldoret	0
UD1JH6OXQ	1344.79	45157.17	43812.38	25013.93	26358.72	till	19	4	Sat	feature	Mombasa	0
UCEND7H10	107.88	67201.65	67093.77	6374.28	6482.16	till	13	3	Sat	smartphone	Mombasa	0
UEMBWU5JS	2415.71	12139.93	9724.22	42579.72	44995.43	peer	11	5	Sun	smartphone	Eldoret	0
UDRZZQO17	7143.36	42085.08	34941.72	34891.64	42035	till	21	4	Wed	smartphone	Kisumu	0
UJDABBAJA	3457.84	67018.71	63560.87	30724.29	34182.13	till	0	10	Fri	smartphone	Nairobi	0
UANX80NKX	1305.53	188.86	0	13597.73	14903.26	peer	22	1	Mon	feature	Nairobi	1
UEQ796EW8	368.64	26133.29	25764.65	6388.73	6757.37	paybill	3	5	Tue	smartphone	Mombasa	0
UB0Q5ZJAU	876.08	58329.37	57453.29	16176.52	17052.6	till	13	2	Tue	smartphone	Nairobi	0
UGYBR3O9U	1640.69	10276.82	8636.13	6313.56	7954.25	peer	13	7	Sun	feature	Nairobi	0
ULR2AJ5IQ	2518.46	66538.31	64019.85	45919.88	48438.34	till	16	12	Mon	feature	Kisumu	1
ULRI4BNVQ	1573.83	71551.78	69977.95	32245.15	33818.98	peer	12	12	Wed	feature	Eldoret	0
UIF0MGOQM	510.05	9545.67	9035.62	1.54	511.59	till	13	9	Sun	feature	Eldoret	0
UGMPV5LMQ	1867.91	44393.1	42525.19	7410.87	9278.78	till	16	7	Tue	smartphone	Eldoret	0
UI79FMW04	144.93	71562.91	71417.98	41180.32	41325.25	peer	7	9	Sun	feature	Kisumu	0
UG59TSUJT	3435.81	64999.42	61563.61	19202.13	22637.94	till	5	7	Tue	feature	Nairobi	0
UBL4N7S3H	1646.12	31159.24	29513.12	12014.96	13661.08	paybill	4	2	Sat	smartphone	Nakuru	0
UKXFY1Z68	149.67	11127.44	10977.77	4051.93	4201.6	paybill	19	11	Tue	smartphone	Mombasa	0
UD1KHW8GA	2655.49	35583.87	32928.38	26593.59	29249.08	peer	21	4	Tue	smartphone	Kisumu	0
UEQE8XAVM	3102.68	71316.32	68213.64	23190.71	26293.39	paybill	2	5	Thu	feature	Nairobi	0
UJBRBLBZ5	578.55	24528.94	23950.39	20135.19	20713.74	till	20	10	Sun	smartphone	Eldoret	0
ULV58Y9N8	1674.43	47424.88	45750.45	34732.69	36407.12	peer	5	12	Thu	feature	Nakuru	0
UBC0Z7Q0I	680.42	53362.71	52682.29	5978.1	6658.52	peer	2	2	Wed	feature	Eldoret	0
UL4HOAE52	1275.2	60302.42	59027.22	43642.97	44918.17	paybill	19	12	Mon	smartphone	Eldoret	0
UEZN7XBVZ	1039.6	7490.78	6451.18	39017.39	40056.99	paybill	5	5	Wed	smartphone	Nakuru	0
UEVPY8CRI	1679.92	24671.63	22991.71	24602.72	26282.64	till	21	5	Sun	smartphone	Nairobi	0
UAKI5VRZ3	2388.2	15780.03	13391.83	6277.49	8665.69	peer	10	1	Mon	smartphone	Nakuru	0
UC08UPNZA	4964.84	22652.77	17687.93	14903.78	19868.62	till	15	3	Wed	smartphone	Mombasa	0
UHBPZCD5X	488.27	6973.97	6485.7	2851.35	3339.62	till	8	8	Tue	smartphone	Nakuru	0
UAFUXQ9NJ	167.21	37985.73	37818.52	3334.69	3501.9	till	11	1	Tue	feature	Nairobi	0
UIBHK0ONS	73.93	65623.39	65549.46	2078.95	2152.88	till	9	9	Sat	feature	Nairobi	0
UIA5E742G	1034.12	20259.72	19225.6	15388.55	16422.67	paybill	5	9	Tue	smartphone	Eldoret	0
UGTW4CY4F	1426.47	78164.83	76738.36	27238.61	28665.08	paybill	0	7	Fri	smartphone	Mombasa	0
UCI14NIJC	218.73	29249.32	29030.59	32048.28	32267.01	paybill	14	3	Sun	feature	Eldoret	0
UDY7OV50E	941.55	56168.89	55227.34	27823.23	28764.78	till	11	4	Thu	smartphone	Nairobi	0
UJSRCVPUZ	666.2	42424.15	41757.95	36619.42	37285.62	till	20	10	Mon	feature	Mombasa	0
UGKX9M4V7	3867.66	61345.53	57477.87	35105.37	38973.03	paybill	12	7	Fri	feature	Kisumu	0
ULVUYV2EM	603.75	50286.75	49683	46532.12	47135.87	paybill	21	12	Fri	smartphone	Nakuru	0
UKJJKSL66	1691	29664.96	27973.96	27523.59	29214.59	paybill	10	11	Wed	smartphone	Kisumu	0
UIYKVYGW2	2341.08	46804.99	44463.91	48466.09	50807.17	till	17	9	Wed	smartphone	Kisumu	0
ULTL2UG05	711.84	37391.57	36679.73	3836.14	4547.98	peer	21	12	Fri	feature	Kisumu	0
UK3NOZ7QM	272.38	52682.37	52409.99	49887.47	50159.85	peer	2	11	Wed	smartphone	Mombasa	0
UI9AG77Q9	901.51	32116.26	31214.75	5757.31	6658.82	paybill	19	9	Fri	feature	Nakuru	0
UEBP9VRNE	3221.88	114.9	0	30698.97	33920.85	paybill	18	5	Sun	smartphone	Mombasa	1
UBJTJ27YH	1437.34	51893.85	50456.51	3072.31	4509.65	till	21	2	Mon	smartphone	Nairobi	0
UF9ZKIHV1	2520.78	58466.35	55945.57	6767.77	9288.55	paybill	9	6	Sun	smartphone	Nairobi	0
UATLH33HW	330.3	38245.55	37915.25	30090.34	30420.64	peer	9	1	Fri	feature	Mombasa	0
UBD4HQFGH	1307.47	69466.73	68159.26	14868.08	16175.55	peer	5	2	Sat	feature	Nakuru	0
UJ44QI4OP	266.07	3143.1	2877.03	30998.43	31264.5	paybill	1	10	Sun	feature	Nakuru	0
UI1HYP5MA	1796.98	44234.05	42437.07	29761.49	31558.47	paybill	3	9	Sun	feature	Nairobi	0
UDNZVZN2H	3082.57	9406.58	6324.01	12713.06	15795.63	paybill	2	4	Wed	smartphone	Eldoret	0
UDN58YUXC	525.33	6434.49	5909.16	28292.53	28817.86	peer	19	4	Thu	feature	Kisumu	0
UGAPQPPMJ	3579.25	13849.67	10270.42	43938.46	47517.71	paybill	17	7	Thu	smartphone	Kisumu	0
UD4XV349N	1225.86	49190.56	47964.7	26183.17	27409.03	peer	3	4	Sat	smartphone	Mombasa	0
UJZBC7QK4	576.56	46971.25	46394.69	41421.93	41998.49	peer	15	10	Tue	feature	Nairobi	0
UCSIDBX28	125.38	63333.64	63208.26	45789.41	45914.79	peer	10	3	Wed	feature	Kisumu	0
UCI3HZCD3	668.95	15696.25	15027.3	33924.56	34593.51	peer	20	3	Sun	feature	Nakuru	0
UF0F7IA41	585.35	26122.22	25536.87	19706.8	20292.15	peer	22	6	Fri	smartphone	Eldoret	0
UCGQ4IVN2	1386.99	32493.28	31106.29	25814.16	27201.15	paybill	23	3	Tue	smartphone	Nakuru	0
UCX1CNAQ2	1303.56	938.44	0	44753.26	46056.82	paybill	4	3	Fri	feature	Mombasa	1
UH87MVZ01	242.26	76047.57	75805.31	1103.31	1345.57	paybill	11	8	Tue	feature	Eldoret	0
UAHVNKVON	6070.16	1131.29	0	11334.53	17404.69	paybill	20	1	Thu	smartphone	Mombasa	1
UDPWF520X	1255.15	35244.47	33989.32	32197.83	33452.98	peer	20	4	Tue	smartphone	Nairobi	0
UHJOZNHE8	719.36	10254.99	9535.63	9464.18	10183.54	peer	21	8	Sat	smartphone	Mombasa	0
UFBQNXPVM	922.42	17384.99	16462.57	22128.87	23051.29	paybill	5	6	Mon	feature	Kisumu	0
UFLLSAD0U	74.36	66124.63	66050.27	29400.02	29474.38	till	10	6	Tue	feature	Nairobi	0
UHO2QWKBS	653.35	44419.49	43766.14	41296.62	41949.97	paybill	23	8	Sun	feature	Nairobi	0
UIB20UC87	1497.3	47925.18	46427.88	20707.05	22204.35	till	22	9	Sat	feature	Nakuru	0
UCF6DNOBK	4753.2	13253.81	8500.61	20756.25	25509.45	peer	13	3	Thu	smartphone	Kisumu	0
UCPU9H9FB	21.65	45771.45	45749.8	9241.92	9263.57	peer	16	3	Tue	feature	Nakuru	0
UKRCQ6W94	92.15	63040.6	62948.45	14168.2	14260.35	paybill	22	11	Fri	feature	Mombasa	0
UIFYZSKV6	2723.19	29967.27	27244.08	31266.5	33989.69	peer	6	9	Thu	feature	Kisumu	0
UF7K99BV2	18.63	14838.28	14819.65	10114.7	10133.33	peer	2	6	Fri	smartphone	Kisumu	0
UDQFDTN0P	733.37	30869.7	30136.33	42740.29	43473.66	peer	5	4	Tue	smartphone	Mombasa	0
UH8X17COP	4567.87	30684.45	26116.58	41957.33	46525.2	peer	2	8	Wed	feature	Eldoret	0
UEI5R8VO4	235.55	686	450.45	1290.47	1526.02	till	3	5	Sun	smartphone	Nairobi	0
UCVV4DC0F	1208.77	45324.87	44116.1	43901.68	45110.45	peer	15	3	Sun	smartphone	Kisumu	0
UAQBK4Y7Z	1224.24	9171.9	7947.66	45877.15	47101.39	peer	12	1	Mon	smartphone	Nairobi	0
UFD9CBA72	2256.34	14903.62	12647.28	27063.51	29319.85	paybill	1	6	Mon	feature	Kisumu	0
UEWS3KCVJ	1555.88	26498.28	24942.4	29460.73	31016.61	till	0	5	Fri	smartphone	Eldoret	0
UJIKOMFRQ	908.47	6267.28	5358.81	8494.35	9402.82	paybill	16	10	Wed	feature	Nakuru	0
UD24XHQZB	203.63	41533.08	41329.45	12292.37	12496	peer	13	4	Tue	smartphone	Nakuru	0
UCFC1YUZP	665.08	55289.03	54623.95	36439.31	37104.39	till	10	3	Sat	feature	Nakuru	0
UHXNOMB42	72.17	7382.14	7309.97	14295.03	14367.2	paybill	12	8	Thu	feature	Mombasa	0
UHEL8PL6U	1673.9	26558.6	24884.7	38298.58	39972.48	peer	18	8	Sun	smartphone	Kisumu	0
UGD5MBFSR	800.83	46411.57	45610.74	1110.92	1911.75	peer	19	7	Sat	smartphone	Kisumu	0
UA1WZ2NAR	6703.34	76541.96	69838.62	29967.99	36671.33	till	15	1	Tue	smartphone	Nakuru	0
UFY40JOTV	1956.55	9268.81	7312.26	24520.43	26476.98	peer	15	6	Thu	smartphone	Mombasa	0
ULVK9QKAV	278.6	14404.63	14126.03	39875.7	40154.3	peer	19	12	Thu	feature	Nakuru	0
UJU74IJ64	1697.69	9077.92	7380.23	16599.32	18297.01	till	22	10	Fri	feature	Nakuru	0
UEAIH3IAB	2282.36	22520	20237.64	17496.89	19779.25	paybill	12	5	Fri	feature	Nakuru	0
UI50121XR	2287.82	26061.33	23773.51	34364.78	36652.6	till	2	9	Sat	feature	Nairobi	0
UD7O0GXAP	4890.16	18050.13	13159.97	19966.63	24856.79	peer	12	4	Thu	smartphone	Nairobi	0
UC70GKJFP	790.62	49020.83	48230.21	833.79	1624.41	paybill	22	3	Mon	feature	Nairobi	0
UIYXCFE78	324.95	58496.54	58171.59	21000.55	21325.5	paybill	11	9	Tue	smartphone	Kisumu	0
UFE12QEYK	1295.4	41798.56	40503.16	3398.66	4694.06	peer	18	6	Wed	smartphone	Nakuru	0
UDTJA622D	299.92	55394.84	55094.92	6999.37	7299.29	peer	4	4	Wed	smartphone	Nakuru	0
ULTR7WB42	806.32	54093.33	53287.01	30930.51	31736.83	till	15	12	Sun	feature	Eldoret	0
UCGW10C9I	1260.91	10903.86	9642.95	33772.8	35033.71	paybill	21	3	Fri	feature	Mombasa	0
UFXHBQAM9	756.27	985.18	228.91	36508.67	37264.94	till	13	6	Wed	feature	Nakuru	0
UF5D4VUEE	1272.21	10292.86	9020.65	20454.26	21726.47	till	7	6	Sat	feature	Nairobi	0
UJ32WITPB	656.31	53570.6	52914.29	24190.13	24846.44	paybill	18	10	Sat	smartphone	Nairobi	0
UG9K499NR	812.93	47543.07	46730.14	28779.67	29592.6	paybill	12	7	Mon	smartphone	Kisumu	0
UFGDESVDE	264.14	44322.39	44058.25	28514.35	28778.49	paybill	6	6	Wed	smartphone	Kisumu	0
UJH2IJ4TT	353.79	66217.15	65863.36	12727.03	13080.82	till	18	10	Fri	feature	Mombasa	0
UKK61B7PX	960.91	45155.04	44194.13	13058.12	14019.03	peer	15	11	Tue	smartphone	Eldoret	0
UJA6B3ODF	1780.93	33051	31270.07	9787.78	11568.71	peer	12	10	Mon	feature	Nairobi	0
UCXU5WAHZ	1079.78	39105.4	38025.62	6659.11	7738.89	till	12	3	Fri	smartphone	Mombasa	0
UAY5U04RI	454.36	4968.2	4513.84	34700.87	35155.23	till	20	1	Sat	feature	Nakuru	0
UIKE9OUJW	302.72	33299.57	32996.85	45400.75	45703.47	till	17	9	Thu	feature	Mombasa	0
UHAEV0YU3	416.75	2013.31	1596.56	29241.39	29658.14	till	5	8	Tue	smartphone	Eldoret	0
UD900YEH8	4257.43	45950.66	41693.23	3045.1	7302.53	till	22	4	Tue	smartphone	Nairobi	0
UGDHF025L	47.13	28995.6	28948.47	6268.77	6315.9	till	16	7	Fri	feature	Nairobi	0
UKHWHM54X	438.77	15783.91	15345.14	1128.23	1567	paybill	0	11	Thu	smartphone	Nakuru	0
UAPF240SH	2967.11	47088.68	44121.57	15803.88	18770.99	paybill	10	1	Tue	feature	Kisumu	0
UCPA2TVMX	1479.14	34430.9	32951.76	37493	38972.14	till	22	3	Sun	feature	Kisumu	0
UGJRPE2XN	3663.49	26260.93	22597.44	8231.03	11894.52	till	0	7	Fri	smartphone	Nakuru	0
UEZSYJX20	299.82	19823.88	19524.06	15320.77	15620.59	till	7	5	Mon	smartphone	Nairobi	0
UE31YUW2T	1214.97	47213.31	45998.34	3368.84	4583.81	paybill	5	5	Fri	smartphone	Kisumu	0
UALYTUAGD	2671.59	7114.28	4442.69	8591.47	11263.06	paybill	10	1	Wed	feature	Mombasa	0
UDWY8UMNW	1094.96	46360.31	45265.35	730.45	1825.41	paybill	19	4	Mon	feature	Eldoret	0
UH1TRPUYD	670.31	31057.36	30387.05	43173.99	43844.3	peer	14	8	Thu	smartphone	Kisumu	0
UHO9CY9PE	553.99	21353.22	20799.23	16639.04	17193.03	peer	3	8	Wed	smartphone	Mombasa	0
UEAVEKVQH	1222.65	36735.63	35512.98	28229.53	29452.18	peer	4	5	Fri	smartphone	Nairobi	0
UE2TW1BYT	1631.63	65304.72	63673.09	947.27	2578.9	till	1	5	Sat	smartphone	Nairobi	0
UD25DSIUA	1997.24	70392.22	68394.98	2461.05	4458.29	paybill	8	4	Sun	feature	Nakuru	0
ULF09UYG3	394.15	11096.62	10702.47	46.47	440.62	peer	8	12	Sat	smartphone	Eldoret	0
UDHKCQWB0	3503.03	68743.03	65240	25002.91	28505.94	paybill	9	4	Sat	feature	Mombasa	0
UCY4FNGBG	1685.4	72946.9	71261.5	2014.45	3699.85	paybill	9	3	Mon	smartphone	Nakuru	0
UDCOPZFZZ	1076.82	32913.54	31836.72	10484.51	11561.33	till	21	4	Fri	feature	Mombasa	0
UC3VXHQG4	5630.03	6789.62	1159.59	19296.98	24927.01	paybill	6	3	Wed	smartphone	Nakuru	0
UDONT75EZ	702.48	61292.11	60589.63	34582.78	35285.26	peer	4	4	Sat	smartphone	Nairobi	0
UHOXZ3BG5	5056.25	4451.84	0	9122.9	14179.15	peer	11	8	Mon	smartphone	Eldoret	1
UITMTJLEG	5037.62	50598.33	45560.71	36305.56	41343.18	peer	6	9	Tue	smartphone	Mombasa	0
UIFPPWC1Q	685.84	34254.58	33568.74	32260.93	32946.77	paybill	2	9	Mon	smartphone	Nairobi	0
UA1Y50DF0	2051	31922.62	29871.62	340.73	2391.73	peer	18	1	Mon	smartphone	Nairobi	0
UBP6XCW8A	1111.64	64985	63873.36	41260.57	42372.21	paybill	15	2	Wed	feature	Nakuru	0
UIX1JD3VU	2377.54	71769.92	69392.38	42306.21	44683.75	paybill	11	9	Fri	smartphone	Nairobi	0
UC3KWBNBP	302.83	51361.33	51058.5	1278.49	1581.32	till	5	3	Mon	smartphone	Mombasa	0
UDNWD0JFN	2326.54	38945.27	36618.73	5450.68	7777.22	paybill	15	4	Tue	feature	Kisumu	0
UD9NBLGU0	428.61	64725.22	64296.61	43774.43	44203.04	peer	15	4	Sat	feature	Eldoret	0
UGHO4UW2A	540.31	69718.09	69177.78	39254.18	39794.49	till	12	7	Sun	smartphone	Nairobi	0
UBC275JT6	479.69	55256.8	54777.11	47251.2	47730.89	till	5	2	Mon	feature	Mombasa	0
UKG8R7SN1	1721.11	40096.29	38375.18	32286.25	34007.36	peer	22	11	Thu	feature	Kisumu	0
UCYFOY0SX	1071.77	24553.17	23481.4	3184.24	4256.01	paybill	18	3	Thu	feature	Mombasa	0
UAIPZN0TH	292.43	35688.22	35395.79	4212.77	4505.2	paybill	13	1	Mon	feature	Mombasa	0
UGK9OM115	1721.64	60170.83	58449.19	40597.31	42318.95	paybill	6	7	Sun	smartphone	Nairobi	0
UFTGG50YQ	4371.22	68694.67	64323.45	6584.35	10955.57	paybill	21	6	Sun	feature	Kisumu	0
UJ8T6AIDI	1831.38	54250.09	52418.71	12615.74	14447.12	till	7	10	Tue	feature	Eldoret	0
UL9Q3CYBY	3095.86	24640.94	21545.08	42983.98	46079.84	paybill	21	12	Tue	smartphone	Kisumu	0
UD83GSV5E	4808.65	67942.93	63134.28	19169.86	23978.51	peer	15	4	Sun	smartphone	Mombasa	0
UBZQQ5EB9	276.39	54163.91	53887.52	31802.37	32078.76	peer	10	2	Sat	smartphone	Nairobi	0
UDEX9BOBC	770.73	40937.98	40167.25	30215.65	30986.38	till	4	4	Sun	feature	Nakuru	0
UGD842ZSA	926.78	78501.2	77574.42	46624.45	47551.23	peer	4	7	Sun	smartphone	Kisumu	0
UJD2EEV7I	4074.11	67124.42	63050.31	33550.65	37624.76	paybill	2	10	Sat	feature	Nairobi	0
ULK9E0OAW	1791.15	24408.92	22617.77	6962.34	8753.49	paybill	16	12	Fri	feature	Kisumu	0
UACV35XUD	1420.16	70921.79	69501.63	2359.84	3780	peer	21	1	Thu	feature	Mombasa	0
UAV1OG07V	4882.4	69013.47	64131.07	11653.64	16536.04	peer	14	1	Tue	feature	Kisumu	0
UFMCJB00E	1782.09	69092.42	67310.33	6614.4	8396.49	till	14	6	Mon	feature	Kisumu	0
UFI7P80SD	5697.37	43586.16	37888.79	48788.94	54486.31	paybill	19	6	Sun	smartphone	Nairobi	0
UD5B5NOV3	691	42252.34	41561.34	8579.82	9270.82	paybill	11	4	Tue	feature	Nairobi	0
UF7H81JMB	274.91	70405.18	70130.27	25276.04	25550.95	till	6	6	Tue	feature	Nairobi	0
UBR4PU6W9	1063.18	5144.08	4080.9	19837.75	20900.93	paybill	5	2	Sat	smartphone	Eldoret	0
UDKT292MI	963.7	53085.39	52121.69	29768.32	30732.02	till	4	4	Sat	smartphone	Nairobi	0
UAHXWEDNY	804.59	32915.67	32111.08	40881.17	41685.76	peer	20	1	Fri	feature	Nakuru	0
UJZ2KGA99	3381.5	51934.89	48553.39	20948.49	24329.99	peer	17	10	Thu	feature	Eldoret	0
UJ35X3X10	918.81	60193.94	59275.13	25643.74	26562.55	paybill	22	10	Mon	feature	Eldoret	0
UI2UWUFUK	580.38	24994.58	24414.2	42282.68	42863.06	paybill	5	9	Fri	smartphone	Mombasa	0
UDD43I21P	450.85	30175.56	29724.71	28538.07	28988.92	peer	15	4	Thu	smartphone	Mombasa	0
UHFXQP6XG	977.16	17648.83	16671.67	11.35	988.51	till	9	8	Sat	smartphone	Eldoret	0
UJHYVNI8E	3697.68	59409.15	55711.47	8390.73	12088.41	peer	21	10	Sun	feature	Eldoret	0
UF85EFZVM	192.37	70107.78	69915.41	36139.23	36331.6	peer	13	6	Thu	feature	Nairobi	0
UKFXDTUMW	395.64	9619.34	9223.7	25619.64	26015.28	peer	0	11	Mon	feature	Eldoret	0
UBYYFGTU9	643.48	59547.88	58904.4	35550.05	36193.53	paybill	10	2	Sun	smartphone	Nakuru	0
UGTI2LSWB	400.84	2943.66	2542.82	49716.52	50117.36	peer	22	7	Thu	smartphone	Kisumu	0
UAYSV6O9E	397.37	60045.84	59648.47	13725.33	14122.7	paybill	22	1	Fri	smartphone	Nairobi	0
UBY3M84BC	1469.9	64211.9	62742	17062.22	18532.12	till	23	2	Sat	feature	Nairobi	0
UEWC0BOGW	880.98	65224.26	64343.28	43872.61	44753.59	till	6	5	Thu	feature	Nairobi	0
UA0HKARPK	2225.42	891.86	0	38902.32	41127.74	till	21	1	Thu	smartphone	Mombasa	1
UGYVMTD50	926.32	64664.62	63738.3	16036.23	16962.55	paybill	2	7	Mon	smartphone	Nakuru	0
UL7C1A7YJ	1239.78	19963.53	18723.75	26919.75	28159.53	peer	5	12	Tue	feature	Eldoret	0
UB78LZGM8	7268.12	69047.5	61779.38	13353.75	20621.87	till	19	2	Mon	feature	Mombasa	0
UD46FDVAE	1147.48	657.88	0	20174.05	21321.53	peer	8	4	Sun	feature	Nairobi	1
UHRUMEHCY	401.34	1560.18	1158.84	45206.77	45608.11	paybill	18	8	Fri	smartphone	Mombasa	0
UJLFOS9DJ	106.68	24694.75	24588.07	12058.26	12164.94	peer	7	10	Thu	smartphone	Mombasa	0
UBOT760RS	399.01	14875.13	14476.12	21407.76	21806.77	peer	14	2	Mon	smartphone	Kisumu	0
UH6V3DGS9	95.09	29125.5	29030.41	21932.38	22027.47	till	2	8	Wed	feature	Nairobi	0
UHIP35T54	5691.11	26479.46	20788.35	5340.04	11031.15	till	18	8	Wed	feature	Eldoret	0
UFI18A2VZ	4599.32	56741.04	52141.72	49689.2	54288.52	till	15	6	Mon	feature	Nairobi	0
ULC4R6S34	566.69	13226.52	12659.83	39158.07	39724.76	peer	22	12	Thu	smartphone	Nakuru	0
UK4GWLF9Y	196.01	22760.27	22564.26	16314.11	16510.12	peer	23	11	Sun	feature	Nairobi	0
UH7YOFCX7	31.46	15291.29	15259.83	41062.51	41093.97	till	17	8	Tue	feature	Eldoret	0
UG818UTYI	1179.97	13832.93	12652.96	23826.32	25006.29	till	4	7	Wed	smartphone	Eldoret	0
UC6BLBV0X	2008.43	13587.92	11579.49	42697.14	44705.57	till	15	3	Fri	feature	Mombasa	0
UEXKV4VTC	19.98	9333.11	9313.13	41821.05	41841.03	paybill	15	5	Thu	feature	Eldoret	0
ULXD7ITQR	1047.14	65588.03	64540.89	44409.57	45456.71	till	16	12	Tue	smartphone	Nairobi	0
UHJ28CW9R	333.25	40346.3	40013.05	43920.79	44254.04	paybill	6	8	Fri	smartphone	Eldoret	0
UJ6SZF4LU	4571.07	43609.97	39038.9	7993.99	12565.06	till	13	10	Mon	feature	Eldoret	0
UAOGWIBJB	1762.82	15622.46	13859.64	22360.05	24122.87	paybill	9	1	Sun	feature	Eldoret	0
ULWYUBEKT	2656.36	59183.59	56527.23	32276.72	34933.08	paybill	21	12	Sun	feature	Nakuru	0
UEGSQOF3W	254	32179.66	31925.66	39656.43	39910.43	peer	20	5	Sat	smartphone	Kisumu	0
ULUJO55H8	373.67	3280.93	2907.26	13699.4	14073.07	peer	0	12	Wed	feature	Eldoret	0
UECYLTM9R	4673.45	77572.31	72898.86	36735.43	41408.88	paybill	11	5	Thu	smartphone	Mombasa	0
UCOV5IT2N	1803.94	31438.2	29634.26	47388.98	49192.92	till	22	3	Mon	feature	Eldoret	0
UFAXS88UA	228.33	66349.14	66120.81	25407.09	25635.42	paybill	22	6	Sun	feature	Kisumu	0
UDALW563C	1452.33	62041.24	60588.91	17129.55	18581.88	paybill	15	4	Fri	feature	Kisumu	0
UAH3MI2DN	1481.96	50697.73	49215.77	22514.12	23996.08	peer	22	1	Wed	feature	Mombasa	0
UBLLD0N53	1136.08	71008.77	69872.69	31271.67	32407.75	till	6	2	Mon	smartphone	Nakuru	0
UH4B8J4ZX	2477.49	65643.89	63166.4	28093.19	30570.68	peer	6	8	Mon	feature	Nakuru	0
UHNT9ZSUV	1669.4	28541.03	26871.63	7425.34	9094.74	paybill	5	8	Mon	feature	Mombasa	0
UCISU1O67	1361.25	44199.72	42838.47	12091.91	13453.16	paybill	3	3	Thu	smartphone	Kisumu	0
UJS2QPKGR	832.68	19074.92	18242.24	14994.88	15827.56	paybill	18	10	Sat	feature	Kisumu	0
UKMV82LZW	1544.17	46962.29	45418.12	26304.13	27848.3	peer	23	11	Wed	smartphone	Eldoret	0
ULPLE45B2	2136.37	15533.48	13397.11	23565.41	25701.78	peer	16	12	Fri	smartphone	Nairobi	0
UDE55325C	959.45	41431.75	40472.3	20655.37	21614.82	paybill	3	4	Thu	smartphone	Nairobi	1
UDWP0YKKS	333.49	5874.93	5541.44	28789.29	29122.78	paybill	21	4	Fri	feature	Eldoret	0
UH8Y7P62Z	2882.68	28895.48	26012.8	4353.56	7236.24	paybill	4	8	Tue	smartphone	Mombasa	0
UF49Z7K8C	338.75	11858.34	11519.59	14898.86	15237.61	peer	23	6	Sat	smartphone	Mombasa	0
UD4EV5XWW	141.07	67929.02	67787.95	19863.57	20004.64	till	4	4	Mon	smartphone	Mombasa	0
UDORHTMT1	422.65	24683.56	24260.91	46302.98	46725.63	till	23	4	Mon	feature	Eldoret	0
UC6RL0NWR	264.56	46566.98	46302.42	35734.78	35999.34	till	15	3	Mon	feature	Mombasa	0
UJD340NXI	412.09	70769.85	70357.76	27699.66	28111.75	peer	17	10	Fri	smartphone	Mombasa	0
UBXGQHPZH	1147.16	58336.7	57189.54	15073.15	16220.31	till	17	2	Tue	smartphone	Nakuru	0
UCGUUW058	1372.09	29829.37	28457.28	37991.18	39363.27	paybill	16	3	Sat	smartphone	Kisumu	0
UDTF6LN82	620.6	40210.45	39589.85	29156.39	29776.99	till	17	4	Tue	feature	Kisumu	0
UEJE0Q0RF	1297.56	4063.51	2765.95	12853.13	14150.69	peer	11	5	Mon	feature	Eldoret	0
UEU8RZE6V	938.33	69822.81	68884.48	4355.46	5293.79	till	4	5	Thu	smartphone	Kisumu	0
UJGCBI6QS	1002.34	76927.9	75925.56	22242.62	23244.96	peer	13	10	Tue	feature	Mombasa	0
UCUU6IF31	1007.22	73385.93	72378.71	27677.93	28685.15	paybill	1	3	Thu	smartphone	Kisumu	0
UDG5JTV75	533.37	64963.36	64429.99	17092.45	17625.82	till	11	4	Sun	feature	Eldoret	0
UKH0ZNSGW	852.93	66651.7	65798.77	49288.41	50141.34	peer	22	11	Sun	smartphone	Kisumu	0
UAKK7X34U	2350.17	49894.51	47544.34	37081.36	39431.53	peer	21	1	Wed	smartphone	Mombasa	0
ULU7D2XG7	2452.88	31664.76	29211.88	2563.17	5016.05	till	21	12	Wed	smartphone	Mombasa	0
UEHJ5SC36	770.94	31058.57	30287.63	29171.08	29942.02	paybill	15	5	Mon	smartphone	Nairobi	0
UHD8FBFFH	936	50816.06	49880.06	9320.99	10256.99	till	5	8	Sat	feature	Eldoret	0
UH1FE1YEN	2075.66	9116.17	7040.51	29821.7	31897.36	peer	10	8	Mon	smartphone	Nakuru	0
ULBEM0TPI	994.48	30500.5	29506.02	5306.28	6300.76	till	12	12	Sat	smartphone	Eldoret	0
UEUPMTXQ5	1136.87	49090.84	47953.97	40280.11	41416.98	till	10	5	Mon	smartphone	Nairobi	0
UCDK2YWFM	534.3	42897.2	42362.9	30914.54	31448.84	till	11	3	Wed	smartphone	Kisumu	1
UJKE4VZN8	1712.31	9963.64	8251.33	10299	12011.31	peer	11	10	Sun	smartphone	Mombasa	0
ULYVEZRAD	1.42	1864.66	1863.24	17898.06	17899.48	peer	1	12	Tue	feature	Mombasa	0
UG7TTN1E4	608.93	67144.07	66535.14	27533.02	28141.95	peer	16	7	Sat	smartphone	Mombasa	0
UC97PNFIR	249.34	48060.09	47810.75	36562.53	36811.87	till	13	3	Fri	smartphone	Nairobi	0
ULZDPVOE4	2202.86	33521.46	31318.6	15470.64	17673.5	peer	3	12	Wed	feature	Nakuru	0
UC3YXHZKI	4140.39	5568.41	1428.02	44869.87	49010.26	till	13	3	Wed	feature	Kisumu	0
UJ6XN6LCP	190.7	67384.34	67193.64	30706.66	30897.36	paybill	11	10	Wed	feature	Nakuru	0
UC8J4E3QA	591.4	37927.51	37336.11	42727.37	43318.77	peer	7	3	Sun	smartphone	Nakuru	0
UBBA62TDO	623.28	7141.94	6518.66	38839.92	39463.2	peer	20	2	Thu	smartphone	Eldoret	0
UIBAD0NDV	2821.35	22002.22	19180.87	41383.76	44205.11	peer	10	9	Wed	smartphone	Nakuru	0
UBHBQIQIC	2019.85	42874.29	40854.44	31766.17	33786.02	paybill	20	2	Wed	feature	Nakuru	0
UEHOEHAPM	328.14	41494.37	41166.23	37400.8	37728.94	till	16	5	Wed	feature	Nakuru	0
ULPJBEAHY	2716.7	68649	65932.3	33346.37	36063.07	peer	5	12	Fri	feature	Nakuru	0
UH746PFMC	857.45	21279.99	20422.54	34809.62	35667.07	peer	13	8	Sat	feature	Mombasa	0
UACJOD8WA	321.41	20786.45	20465.04	2641.33	2962.74	peer	22	1	Mon	feature	Nairobi	0
UHXEJAXVT	1942.41	63372.12	61429.71	40578.6	42521.01	peer	16	8	Sun	feature	Eldoret	0
UALYZLGJV	987.46	48086.6	47099.14	8312.77	9300.23	till	6	1	Wed	feature	Eldoret	0
UJTRICQPE	716.42	71878.59	71162.17	29134.31	29850.73	till	21	10	Fri	feature	Nakuru	0
UG68FR8RU	198.77	61000.74	60801.97	29585.85	29784.62	peer	11	7	Sun	feature	Nairobi	0
UCHYSVKUE	319.83	39028.24	38708.41	1238.24	1558.07	peer	18	3	Mon	feature	Nakuru	0
UG48FHBQ6	429.16	42339.66	41910.5	16722.13	17151.29	peer	1	7	Mon	feature	Mombasa	0
UCXXWXJ46	1098.81	65070.5	63971.69	12873.95	13972.76	peer	9	3	Tue	feature	Nairobi	0
UJSS9V66D	2233.62	34956.06	32722.44	32915.37	35148.99	peer	9	10	Sat	feature	Eldoret	0
UA34876KE	863.62	64428.84	63565.22	6842.26	7705.88	paybill	20	1	Wed	smartphone	Eldoret	0
UH9N7TCAT	108.4	73819.35	73710.95	25118.59	25226.99	paybill	19	8	Thu	smartphone	Eldoret	0
UDNDVDXDF	595.99	66929.61	66333.62	43124.48	43720.47	till	5	4	Sun	feature	Mombasa	0
UJYUSQ1U9	569.69	73650.82	73081.13	600.15	1169.84	paybill	9	10	Sat	smartphone	Mombasa	0
UAVIE6DUE	1207.17	5142.2	3935.03	16230.46	17437.63	paybill	17	1	Fri	smartphone	Kisumu	0
UHK6YULND	1675.57	41489.03	39813.46	30709.31	32384.88	till	20	8	Sun	feature	Mombasa	0
UEX57ZKVN	404.98	38083.33	37678.35	39150.01	39554.99	paybill	23	5	Fri	feature	Mombasa	0
UEQLCAUDF	2080.36	67014.05	64933.69	11991	14071.36	paybill	19	5	Fri	smartphone	Nairobi	0
UETESU2HT	325.29	66255.32	65930.03	18899.7	19224.99	till	13	5	Tue	smartphone	Nakuru	0
UC9OF9SVC	5959.38	63375.66	57416.28	20115.35	26074.73	peer	10	3	Mon	feature	Nakuru	0
UD9E69IX9	829.96	9526	8696.04	2257.57	3087.53	peer	22	4	Sun	smartphone	Nairobi	0
UBIROAGI7	864.11	20146.14	19282.03	5028.14	5892.25	till	20	2	Mon	feature	Nakuru	0
ULAF6KKFE	749.49	35981.37	35231.88	28880.65	29630.14	paybill	19	12	Sat	smartphone	Kisumu	0
ULKBUOC1R	1269.12	28080.87	26811.75	30860.98	32130.1	till	13	12	Mon	smartphone	Mombasa	0
UJT1WT805	3241.73	8049.62	4807.89	38329.8	41571.53	till	20	10	Tue	smartphone	Kisumu	0
UBPO4DILG	5084.24	41378.54	36294.3	14230.02	19314.26	paybill	3	2	Wed	feature	Kisumu	0
UKT2I9OWP	1092.26	50498.56	49406.3	22782.48	23874.74	paybill	9	11	Fri	feature	Eldoret	0
UFMJLXDW0	986.72	21290.16	20303.44	8487.96	9474.68	peer	22	6	Sun	feature	Nairobi	0
UDZNZMCCY	150.79	4592.32	4441.53	24281.71	24432.5	till	1	4	Fri	feature	Kisumu	0
UGLOZESJN	3659.34	13251.48	9592.14	3193.99	6853.33	paybill	4	7	Mon	smartphone	Mombasa	0
UJXU3K8JB	572.74	68178.67	67605.93	27960.91	28533.65	paybill	2	10	Sat	feature	Nairobi	0
UJPRB2JA2	1084.61	72508.06	71423.45	37171.76	38256.37	paybill	11	10	Sun	feature	Eldoret	0
UHM6U2LLH	1141.58	48296.72	47155.14	3985.75	5127.33	till	4	8	Mon	feature	Nakuru	0
UD4N2524G	1723.82	27734.12	26010.3	1760.76	3484.58	till	23	4	Wed	smartphone	Mombasa	0
UGWVM7A7P	2056.69	32572.68	30515.99	43991.89	46048.58	peer	8	7	Tue	smartphone	Nairobi	0
UC82P5YRO	1569.1	57566.83	55997.73	13577.52	15146.62	till	9	3	Mon	feature	Kisumu	0
UBCK9D643	570.17	16223.42	15653.25	45441.32	46011.49	till	14	2	Sat	feature	Nairobi	0
UA19ARSOZ	2143.18	24147.21	22004.03	9202.24	11345.42	peer	2	1	Tue	smartphone	Nairobi	0
UJV7P2A2Q	2118.66	16802.06	14683.4	34789.75	36908.41	paybill	0	10	Sun	feature	Mombasa	0
UK3C07BTI	4329.21	26161	21831.79	23427.85	27757.06	paybill	22	11	Wed	smartphone	Mombasa	0
UFZ05TQM3	240.18	16806.88	16566.7	6517.66	6757.84	paybill	6	6	Fri	smartphone	Nakuru	0
UCEU1S5N1	341.36	67104.85	66763.49	40428.53	40769.89	peer	3	3	Mon	feature	Kisumu	0
UEXKQ054C	573.88	35721.46	35147.58	40832.76	41406.64	peer	11	5	Tue	feature	Kisumu	0
UIW09YW3D	3247.35	43115.21	39867.86	45661.48	48908.83	paybill	8	9	Sun	smartphone	Kisumu	0
UKKX0RB5T	736.47	9747.66	9011.19	48848.28	49584.75	peer	23	11	Sun	smartphone	Mombasa	0
UFZXC4VNI	310.41	75312.62	75002.21	33830.86	34141.27	paybill	6	6	Sat	smartphone	Nakuru	0
UGV2IZSFW	677.43	34348.68	33671.25	31425.11	32102.54	peer	9	7	Wed	smartphone	Nairobi	0
UL20SZORK	363.4	61248.77	60885.37	46470.17	46833.57	paybill	8	12	Wed	smartphone	Nairobi	0
UEJYMJBT3	343.75	59109.83	58766.08	3189.73	3533.48	till	14	5	Mon	feature	Kisumu	0
UJHZTAY12	734.63	16358.69	15624.06	47727.69	48462.32	peer	18	10	Sat	smartphone	Eldoret	0
UIQSX502U	3761.13	57442.33	53681.2	48830.88	52592.01	till	15	9	Fri	smartphone	Mombasa	0
UAL9RZ4D4	710.3	50346.94	49636.64	32019.04	32729.34	paybill	3	1	Thu	smartphone	Eldoret	0
UB59T8ZGE	2850.73	75820.13	72969.4	10938.59	13789.32	till	10	2	Sat	smartphone	Nairobi	0
UHFIUD99X	592.28	47485.19	46892.91	24461.36	25053.64	paybill	8	8	Sun	smartphone	Eldoret	0
UD9SSBU7G	214.67	59415.36	59200.69	11416.56	11631.23	peer	17	4	Mon	smartphone	Eldoret	0
UC6AYNPE6	90.35	23210.59	23120.24	18467.71	18558.06	till	4	3	Fri	feature	Mombasa	0
UBADKN2K7	1634.82	32058.64	30423.82	2869.59	4504.41	till	16	2	Wed	feature	Nakuru	0
UK7V12J21	1313.11	53955.63	52642.52	833.02	2146.13	peer	9	11	Tue	feature	Mombasa	0
UG5V32BH1	620.88	33604.84	32983.96	35054.88	35675.76	paybill	22	7	Tue	smartphone	Kisumu	0
UE78VPCAY	793.31	20587.4	19794.09	46698.9	47492.21	till	6	5	Thu	feature	Kisumu	0
UBC6ON5ZZ	210.72	29523.18	29312.46	48951.59	49162.31	peer	14	2	Wed	smartphone	Kisumu	0
UILO36JWB	819	68561.14	67742.14	23343.9	24162.9	paybill	1	9	Sun	smartphone	Nakuru	0
UGTKFTUWF	668.77	57417.28	56748.51	22178.17	22846.94	peer	14	7	Fri	smartphone	Nakuru	0
UGUSWETYX	4192.3	38089.54	33897.24	37846.38	42038.68	peer	11	7	Wed	smartphone	Eldoret	0
UJPN4U6AV	1752.53	69050.47	67297.94	24028	25780.53	peer	17	10	Tue	feature	Kisumu	0
UH4WU3GA9	106.85	2530.23	2423.38	36343.85	36450.7	peer	22	8	Sun	feature	Kisumu	0
UB2NS8ERK	3107.37	12760	9652.63	3110.25	6217.62	till	22	2	Tue	feature	Mombasa	0
UGV2DY4TK	2594.89	41057.96	38463.07	14543.84	17138.73	till	15	7	Thu	smartphone	Kisumu	0
UEGF7MVQ3	950.64	52101.57	51150.93	30753.23	31703.87	paybill	12	5	Sat	feature	Nakuru	0
UCDTYN4BP	289.78	23898.97	23609.19	39002.4	39292.18	peer	3	3	Sun	smartphone	Kisumu	0
UFRAU7BWH	956.93	862.51	0	3765.07	4722	paybill	6	6	Thu	feature	Mombasa	1
UHG3K59S7	707.05	27507.83	26800.78	49406.2	50113.25	till	1	8	Sun	feature	Nairobi	0
UADS83GYZ	996.05	4293.29	3297.24	22511.81	23507.86	peer	12	1	Thu	smartphone	Nairobi	0
UI72NRCMU	441.05	41771.92	41330.87	6232.37	6673.42	peer	18	9	Mon	smartphone	Nakuru	0
UF9V45D3D	4882.32	14825.68	9943.36	1968.09	6850.41	peer	13	6	Sat	smartphone	Eldoret	0
UD85P3EBQ	33.13	1653.9	1620.77	9439.7	9472.83	till	4	4	Wed	smartphone	Kisumu	0
UHJZ9DS2U	802.7	34325.31	33522.61	1355.33	2158.03	paybill	7	8	Tue	smartphone	Nairobi	0
UIQVU5OEJ	2295.26	9043.57	6748.31	30475.29	32770.55	peer	0	9	Thu	smartphone	Eldoret	0
ULSFR23C6	1260.5	42889.84	41629.34	23849.17	25109.67	peer	10	12	Mon	feature	Eldoret	0
UAF1XOYC6	739.5	72718.35	71978.85	39259.49	39998.99	till	5	1	Wed	feature	Kisumu	0
UI13M7PC5	1002.41	76968.47	75966.06	25447.95	26450.36	paybill	15	9	Mon	feature	Kisumu	0
UDVHZJKTH	904.48	71246.23	70341.75	13136.05	14040.53	peer	21	4	Wed	smartphone	Nakuru	0
UK8K6TLB3	958.69	22675.77	21717.08	13950.41	14909.1	till	14	11	Mon	feature	Nakuru	0
UHWMNOHG3	778.71	47051.4	46272.69	41029.59	41808.3	till	0	8	Wed	feature	Kisumu	0
UARZ0XV6D	747.03	12446.21	11699.18	21978.15	22725.18	peer	7	1	Thu	feature	Nairobi	0
UJ9ALK7YB	1071.43	6039.34	4967.91	5768.14	6839.57	peer	22	10	Sat	smartphone	Nairobi	0
ULW7L7J7Y	3056.66	77328.02	74271.36	47235.37	50292.03	peer	23	12	Sat	smartphone	Nakuru	0
UH626M8A4	611.68	27840.65	27228.97	39709.12	40320.8	till	12	8	Mon	smartphone	Mombasa	0
UBM576M2Y	1472.11	75874.73	74402.62	4566.29	6038.4	paybill	18	2	Sat	feature	Kisumu	0
UHK8R1Z4Q	264.12	75395.48	75131.36	39410.05	39674.17	paybill	9	8	Sat	feature	Nairobi	0
UDX3B9KYH	36.5	36050.5	36014	34645.45	34681.95	till	1	4	Mon	smartphone	Nairobi	0
UBAM75PSZ	1981.66	69387.47	67405.81	47792.16	49773.82	peer	6	2	Mon	feature	Eldoret	0
UB89MW68M	405.19	32511.06	32105.87	8458.09	8863.28	peer	6	2	Wed	feature	Eldoret	0
UANCC8UUX	5688.47	4713.51	0	42250.61	47939.08	paybill	4	1	Sun	smartphone	Mombasa	1
UINPJ269S	91.3	43548.59	43457.29	34748.51	34839.81	peer	3	9	Sat	smartphone	Nairobi	0
UJ4LZ95AO	1085.93	48946.2	47860.27	18548.69	19634.62	peer	18	10	Wed	feature	Mombasa	0
UDFMAR9LE	2218.61	1191.57	0	44786.32	47004.93	paybill	2	4	Mon	feature	Nairobi	1
UEGCG8ZF2	44.06	62564.21	62520.15	24208.65	24252.71	peer	8	5	Mon	smartphone	Eldoret	0
UJB6PYMA1	2369.92	63751.93	61382.01	16899.08	19269	paybill	21	10	Fri	feature	Nairobi	0
UAF6DOHE7	1833.66	18028.2	16194.54	25225.15	27058.81	till	20	1	Wed	feature	Mombasa	0
UJU9Q44DV	453.38	40936.4	40483.02	22275.89	22729.27	paybill	6	10	Wed	smartphone	Kisumu	0
UAI4P2GAY	5115.44	52382.28	47266.84	43626	48741.44	paybill	17	1	Fri	smartphone	Nakuru	0
UEQQAVAQD	419.86	46690.15	46270.29	35900.71	36320.57	peer	7	5	Tue	smartphone	Nairobi	0
UDP8D20GM	697.93	10599.85	9901.92	13124.25	13822.18	peer	17	4	Fri	feature	Mombasa	0
UKNDDEPTL	1305.6	19595.22	18289.62	48336.71	49642.31	till	8	11	Fri	feature	Nairobi	0
ULQ9GYNSZ	4760.07	41165.04	36404.97	34506.16	39266.23	paybill	4	12	Tue	feature	Eldoret	0
ULVHTN7SU	2725.15	12934.63	10209.48	8651.19	11376.34	till	11	12	Wed	feature	Eldoret	0
UAX9E0RAG	465.45	58944.21	58478.76	2582.87	3048.32	paybill	15	1	Fri	smartphone	Kisumu	0
UCXFJJRKH	75.83	11203.62	11127.79	37364.88	37440.71	till	23	3	Sun	smartphone	Mombasa	0
UG98UZZY0	73.65	25726.61	25652.96	9612.9	9686.55	peer	9	7	Mon	smartphone	Nairobi	0
UE7ZHEZR4	555.44	41175.15	40619.71	38968.26	39523.7	peer	11	5	Tue	feature	Nairobi	0
UA61SP5OO	1108.78	78668.93	77560.15	12080.06	13188.84	peer	11	1	Wed	smartphone	Mombasa	1
UHQOVVI1Y	1715.17	48625.22	46910.05	4428.92	6144.09	till	18	8	Mon	feature	Nakuru	0
UHK5B8U8H	1694.56	39418.15	37723.59	49324.37	51018.93	peer	5	8	Wed	smartphone	Nairobi	0
UECNFU2HE	489.15	67345.6	66856.45	1517.69	2006.84	till	1	5	Mon	feature	Eldoret	0
UI58P8O85	2785.05	24842.54	22057.49	46891.29	49676.34	peer	17	9	Sat	feature	Nakuru	0
UBU2NCU22	1695.83	5905.98	4210.15	9954.67	11650.5	peer	18	2	Thu	feature	Mombasa	0
UDYVGIPAX	641.16	20393.38	19752.22	43884.61	44525.77	paybill	6	4	Tue	smartphone	Nakuru	0
UGE5EKFHO	140.75	19176.27	19035.52	10677.14	10817.89	till	23	7	Wed	feature	Mombasa	0
UKFY4W8TR	794.36	690.61	0	25456.77	26251.13	till	9	11	Fri	smartphone	Kisumu	1
UGFIL3DVY	225.05	78118.88	77893.83	47733.32	47958.37	peer	5	7	Fri	feature	Eldoret	0
UCZ8KQ86Y	2415.19	5536.18	3120.99	15845.21	18260.4	peer	4	3	Tue	smartphone	Mombasa	0
UD8BYCZNY	465.49	34635.26	34169.77	4574.38	5039.87	peer	11	4	Wed	feature	Kisumu	0
UH2OYYR2O	2059.2	28838.08	26778.88	34361.72	36420.92	till	12	8	Sun	feature	Kisumu	0
UDMINQ4O7	562.77	50887	50324.23	49647.17	50209.94	till	2	4	Thu	smartphone	Kisumu	0
UD6EGKAZA	2255.71	26417.4	24161.69	34668.88	36924.59	till	1	4	Wed	smartphone	Nakuru	0
UC1VL7UO4	2180.23	11050.52	8870.29	43110.57	45290.8	peer	14	3	Mon	feature	Kisumu	0
UCI1VEGE3	2539.98	58188.78	55648.8	34646.01	37185.99	till	11	3	Wed	smartphone	Kisumu	0
UC73KLLZC	6557.34	8442.79	1885.45	28449.16	35006.5	peer	8	3	Sat	feature	Mombasa	0
UB8YATYE7	1137.26	12593.34	11456.08	37589.91	38727.17	peer	9	2	Tue	smartphone	Mombasa	0
UF0Q6ULH3	1259.93	265.91	0	13035.44	14295.37	till	12	6	Tue	feature	Nairobi	1
UHJ4XYBRX	1095.59	14015.12	12919.53	27344.06	28439.65	till	6	8	Sun	smartphone	Eldoret	0
UG253IQQU	1880.06	4188.12	2308.06	11642.93	13522.99	paybill	2	7	Thu	smartphone	Eldoret	0
UHAKC37WM	1015.92	74379	73363.08	6230.67	7246.59	paybill	1	8	Fri	smartphone	Mombasa	0
UFLS9B7RY	1585.38	20722.8	19137.42	23199.27	24784.65	peer	1	6	Wed	smartphone	Nairobi	0
UHX8EAK8Y	214.57	36460.54	36245.97	8177.69	8392.26	peer	16	8	Sun	feature	Kisumu	0
UKYRFBENM	543.88	62092.59	61548.71	40397.87	40941.75	till	13	11	Sun	feature	Eldoret	0
ULAXUWRIE	2190.01	51548.25	49358.24	41716.24	43906.25	till	14	12	Wed	smartphone	Mombasa	0
UCGX1PZGS	1291.83	21318.05	20026.22	40338.68	41630.51	peer	19	3	Wed	feature	Mombasa	0
ULY632IIP	435.14	51153.15	50718.01	4072.36	4507.5	peer	17	12	Thu	feature	Nakuru	0
UATQSOR81	856.43	21282.55	20426.12	21600.53	22456.96	peer	9	1	Thu	smartphone	Nairobi	0
UARFDX89I	10437.78	13152.02	2714.24	5215.65	15653.43	till	22	1	Fri	smartphone	Nairobi	0
UHX4PZJ42	235.89	42302.32	42066.43	23363.05	23598.94	paybill	1	8	Thu	feature	Nairobi	0
UCH8HYF87	169.27	34910.2	34740.93	6454.31	6623.58	till	22	3	Mon	feature	Mombasa	0
UCM94UZXY	2033.93	4039.79	2005.86	12873.96	14907.89	peer	12	3	Sat	feature	Kisumu	0
UAN3W9HX6	218.69	10769.39	10550.7	19334.82	19553.51	till	20	1	Sun	feature	Nakuru	0
UB4EBO2J3	2581.75	66814.41	64232.66	35517.58	38099.33	till	20	2	Wed	smartphone	Mombasa	1
UE1XLAXHN	179.03	74594.62	74415.59	42910.34	43089.37	peer	8	5	Fri	feature	Eldoret	0
UDUZXNLJR	280.58	79814.01	79533.43	13177.57	13458.15	paybill	6	4	Fri	smartphone	Nakuru	0
UKXNPZCU7	490.95	52372.21	51881.26	49910	50400.95	paybill	19	11	Wed	smartphone	Mombasa	0
UKDZVHLTM	116.88	66926.65	66809.77	48721.97	48838.85	paybill	0	11	Sun	smartphone	Eldoret	0
UAJPFAWXD	5569.88	65764.96	60195.08	32315.5	37885.38	peer	3	1	Tue	feature	Mombasa	0
UDU1P8OTX	1563.39	43181.37	41617.98	12754.67	14318.06	till	2	4	Fri	feature	Nairobi	0
UBFRRCV1E	2190.73	35186.54	32995.81	1997.4	4188.13	till	10	2	Sun	smartphone	Mombasa	0
UFZ8TRTM4	674.82	5232.66	4557.84	29634.8	30309.62	till	17	6	Sat	feature	Nakuru	0
UBVWNLBS0	2614.76	34208.89	31594.13	23451.25	26066.01	paybill	8	2	Tue	smartphone	Mombasa	0
UCBEC41RN	3958.25	22086.09	18127.84	19898.02	23856.27	till	9	3	Sat	feature	Nairobi	0
UHABF8QLT	4020.92	77808.2	73787.28	18003	22023.92	paybill	14	8	Thu	feature	Kisumu	0
UHV75D3NM	974.75	65369.53	64394.78	37477.28	38452.03	peer	13	8	Wed	feature	Eldoret	0
UAOMZQB09	1803.63	4661.84	2858.21	17152.59	18956.22	till	11	1	Tue	feature	Nairobi	0
UBDWXEZIH	1649.13	3279.79	1630.66	29884.12	31533.25	till	15	2	Thu	smartphone	Nakuru	0
UFMFFOHK9	3056.83	35978.12	32921.29	22965.18	26022.01	till	12	6	Wed	feature	Mombasa	0
UGMKXI915	120.14	58972.43	58852.29	25052.01	25172.15	paybill	21	7	Sat	smartphone	Eldoret	0
ULJC6WO7V	1275.62	67123.26	65847.64	43856.02	45131.64	peer	5	12	Sun	feature	Kisumu	0
UJQI55JSY	417.94	53765.65	53347.71	16695.12	17113.06	till	20	10	Tue	smartphone	Kisumu	0
UAVSE00HU	440.07	65658.55	65218.48	38001.75	38441.82	till	21	1	Sun	feature	Mombasa	0
UDF891QCG	74.99	35099.72	35024.73	17119.76	17194.75	peer	13	4	Thu	feature	Nairobi	0
UIMKZOM2E	1186.06	54734.68	53548.62	37655.94	38842	peer	14	9	Tue	smartphone	Kisumu	0
UEKPK7FVU	1949.91	15139.75	13189.84	9212.43	11162.34	peer	3	5	Sat	feature	Nairobi	0
UC2H5LOMZ	88.04	31787.59	31699.55	6243.5	6331.54	paybill	22	3	Fri	feature	Nairobi	0
UATP37V7J	1118.07	45864.35	44746.28	40974.78	42092.85	paybill	15	1	Tue	feature	Nakuru	0
UGNDITN5K	593.43	22796.27	22202.84	49738.75	50332.18	paybill	8	7	Tue	smartphone	Kisumu	0
UDHQGOXAI	5096.96	20906.21	15809.25	41919.98	47016.94	till	18	4	Thu	feature	Nairobi	0
UAB29XZ6U	1886.17	71459.79	69573.62	34470.86	36357.03	till	4	1	Mon	smartphone	Eldoret	0
UKXR6CJ9K	500.69	24534.5	24033.81	37961.95	38462.64	peer	13	11	Tue	smartphone	Nairobi	0
UF8F3VKOG	1450.38	50304.93	48854.55	9205.07	10655.45	till	22	6	Sun	smartphone	Eldoret	0
UDE9WIEEO	167.49	48220.28	48052.79	16116.24	16283.73	peer	2	4	Tue	smartphone	Mombasa	0
UAHJQCYYP	2250.16	66773.21	64523.05	2810.7	5060.86	peer	17	1	Thu	feature	Mombasa	0
UHVM3I0GX	2064.64	76029.53	73964.89	14996.92	17061.56	peer	6	8	Tue	smartphone	Mombasa	0
UI13GBJ72	29.03	2737.65	2708.62	47696.84	47725.87	till	0	9	Wed	feature	Eldoret	0
UJ327AQFF	353.43	57006.39	56652.96	8794.51	9147.94	paybill	2	10	Mon	feature	Nairobi	0
UH3Z6J5Q1	402.57	3941.51	3538.94	24178.73	24581.3	paybill	11	8	Sat	feature	Nairobi	0
UEOW37GJN	22.13	60742.25	60720.12	25030.98	25053.11	peer	9	5	Fri	feature	Kisumu	0
UKQFS7GLB	3641.97	60322.24	56680.27	12668.97	16310.94	till	15	11	Wed	feature	Mombasa	0
UIKJS08RW	3381.79	54706.01	51324.22	29684.23	33066.02	peer	14	9	Sun	smartphone	Nakuru	0
UCD9EQSIM	2108.69	72939.47	70830.78	46400.71	48509.4	paybill	18	3	Sun	smartphone	Nairobi	0
UH45RY27V	271.24	23450.69	23179.45	14740.86	15012.1	till	10	8	Fri	feature	Nairobi	0
UCV06DDG6	656.71	66659.44	66002.73	22890.25	23546.96	till	22	3	Wed	smartphone	Kisumu	0
UIQFMKFNN	449.55	71675.68	71226.13	5173.75	5623.3	paybill	16	9	Fri	feature	Mombasa	0
UD0ATH9KP	1603.13	49133.29	47530.16	11154.32	12757.45	peer	8	4	Wed	feature	Mombasa	0
UJULJAF4W	1183.39	75662.64	74479.25	33841	35024.39	till	20	10	Sat	feature	Eldoret	0
UJ1L2QJZG	538.42	5775.89	5237.47	40915.39	41453.81	till	23	10	Tue	smartphone	Nairobi	0
ULLIG7R2F	613.49	8462.37	7848.88	21147.18	21760.67	peer	22	12	Mon	feature	Eldoret	0
UGMD3EXU7	2381.36	10512.6	8131.24	32171.45	34552.81	paybill	18	7	Mon	smartphone	Nairobi	0
UGHFL1ZOP	329.44	43644.08	43314.64	4339.15	4668.59	till	20	7	Sun	smartphone	Kisumu	0
UC30X8BNM	405.45	28389.76	27984.31	32791.04	33196.49	till	17	3	Mon	feature	Nakuru	0
UDHDX1BJT	1155.94	17542.42	16386.48	2734.66	3890.6	till	20	4	Sun	smartphone	Nairobi	0
UKD4D32NK	26.74	13858.58	13831.84	21549.19	21575.93	peer	21	11	Sat	feature	Nairobi	0
UC5TT9KA1	1071.62	66608.04	65536.42	49581.22	50652.84	paybill	18	3	Wed	smartphone	Eldoret	0
UE914YBNU	268	646.58	378.58	23350.89	23618.89	paybill	19	5	Thu	feature	Nakuru	0
UFS18WK50	1735.88	10631.37	8895.49	44352.14	46088.02	peer	6	6	Fri	feature	Mombasa	0
UDKGVZPFC	482.43	62477.87	61995.44	45509.81	45992.24	paybill	8	4	Sat	smartphone	Mombasa	0
UEFJH9KRS	723.92	39190.19	38466.27	10887.44	11611.36	till	11	5	Sun	smartphone	Nairobi	0
UH5Q3OV9J	122.31	60994.16	60871.85	46808.83	46931.14	peer	4	8	Sat	smartphone	Nairobi	0
ULH0AHPO0	4239.01	76231.47	71992.46	11966.61	16205.62	till	16	12	Mon	smartphone	Eldoret	0
UF70TGO5A	1467.7	5476.04	4008.34	13399.86	14867.56	paybill	3	6	Sun	smartphone	Nairobi	0
UD56TAMY7	3649.18	57712.27	54063.09	12857.62	16506.8	till	17	4	Tue	smartphone	Kisumu	0
UHOZFQPII	1906.17	30088.18	28182.01	31337.67	33243.84	peer	14	8	Sun	feature	Nairobi	0
UD3O0SW58	236.91	71861.9	71624.99	46771.24	47008.15	paybill	11	4	Tue	feature	Mombasa	0
UBIT8D9GX	5853.37	47723.88	41870.51	5372.53	11225.9	peer	17	2	Tue	smartphone	Nakuru	0
UKTS8MG00	25.59	73017.14	72991.55	8867.57	8893.16	paybill	17	11	Wed	smartphone	Nairobi	0
UHRDB103G	10.6	6235.98	6225.38	20685.3	20695.9	till	5	8	Fri	smartphone	Nakuru	0
